id_municipio,numero_obitos
1600303,31
1600402,2
1600535,1
1200203,6
1200252,2
1200302,4
1200500,4
1200609,4
1100015,3
1100023,10
1100049,5
1100056,1
1100098,3
1100130,2
1100148,1
1100189,5
1100205,32
1100254,1
1100304,5
1100320,1
1100502,2
1100601,1
1100809,2
1100924,1
1101005,1
1101492,1
1101609,1
5001102,6
5002209,3
5002704,71
5002902,3
5003207,4
5003256,2
5003488,3
5004304,2
5004502,3
5004601,2
5004700,5
5005004,2
5005152,1
5005400,3
5005707,5
5005806,2
5006200,5
5006358,5
5006903,1
5007935,1
5007950,3
5008305,15
2200400,6
2200459,1
2200509,6
2200905,1
2201101,2
2201556,2
2201705,1
2201770,1
2201988,1
2202000,1
2202117,1
2202174,1
2202208,14
2202251,1
2202307,4
2202539,1
2202604,4
2202737,1
2202802,1
2203008,1
2203206,1
2203255,1
2203271,1
2203404,1
2203503,1
2203602,1
2203909,6
2204550,1
2204709,5
2205250,1
2205300,1
2205805,2
2205953,1
2206001,1
2206209,2
2206506,2
2206720,2
2206803,1
2207603,1
2207702,7
2207850,1
2207900,7
2207934,1
2208007,18
2208106,1
2208304,3
2208403,7
2208650,3
2208700,1
2209005,1
2209104,2
2209351,3
2209401,1
2209807,2
2209872,1
2209906,2
2209955,1
2209971,1
2210052,1
2210201,3
2210409,3
2210607,6
2210623,1
2210706,1
2210904,1
2211506,1
3200102,5
3200201,1
3200300,1
3200607,3
3200805,4
3201001,1
3201704,1
3201902,1
3202306,3
3202454,3
3202504,1
3202603,1
3202652,1
3202801,1
3203007,3
3203056,3
3203163,1
3203700,2
3204005,1
3204559,9
3204906,3
3205010,3
3205036,1
3205069,5
3205150,1
3205200,15
1300029,1
1300144,2
1300201,4
1300508,1
1300706,2
1301407,7
1301605,1
1301704,2
1301803,2
1301852,1
1302306,2
1302603,90
1303106,2
1303601,1
1303700,6
1303908,1
1304062,14
1304104,2
1304203,3
1304302,1
2500106,1
2500601,2
2500734,1
2500809,2
2501005,3
2501351,1
2501575,1
2501807,4
2502003,2
2502102,1
2502201,1
2503209,4
2503308,2
2503753,1
2503803,2
2503902,2
2504405,1
2504504,2
2505006,2
2505238,3
2506202,1
2506301,4
2506608,1
2507002,2
2507101,2
2507507,34
2507705,3
2508109,1
2508307,2
2508901,2
2510204,4
2510808,16
2510907,1
2511103,1
2511202,1
2511301,2
2511707,1
2512101,3
2513901,3
2513984,2
2514008,2
2514305,2
2514503,4
2515104,1
2515302,7
2515500,1
2515609,1
2516201,7
2516508,2
2100055,3
2100501,1
2100808,1
2101202,3
2101301,1
2102002,2
2102077,1
2102200,2
2102325,1
2102408,1
2102556,1
2102903,1
2103000,11
2103109,1
2103208,1
2103406,1
2103604,3
2103703,1
2104008,3
2104057,1
2104073,2
2104099,2
2104206,1
2104552,1
2104651,1
2104800,6
2105302,20
2105401,3
2105450,1
2105476,2
2105609,3
2105708,2
2105906,1
2105948,1
2106375,2
2106508,1
2106607,2
2106755,1
2107001,3
2107308,1
2107357,2
2107456,1
2107506,5
2107605,2
2107704,5
2108306,1
2108603,2
2108801,1
2109502,4
2109809,4
2109908,4
2110005,2
2110203,1
2111078,1
2111102,4
2111300,38
2111508,2
2111763,1
2112100,1
2112308,1
2112605,2
2112803,1
2112902,3
2113009,5
1400472,1
1400704,2
2700300,12
2700607,1
2700706,1
2700805,1
2701308,1
2701506,2
2702405,2
2702603,1
2702801,1
2702900,5
2704005,3
2704302,24
2704708,2
2705101,1
2705705,1
2705804,1
2706307,4
2706448,2
2706703,2
2707107,2
2707503,1
2707701,3
2708600,3
2708808,2
2708907,1
2709152,1
2400208,2
2400406,1
2401008,6
2401107,1
2401305,3
2402303,7
2402808,1
2403509,1
2403608,1
2403905,1
2404309,1
2404705,1
2405009,1
2406502,1
2407005,1
2407203,3
2408003,18
2408102,28
2408805,1
2408904,3
2408953,1
2409209,1
2409308,4
2409407,5
2410207,1
2412104,1
2412500,3
2412708,1
2413300,1
2413409,2
2414001,1
2414100,1
2414506,1
2800605,1
2801009,2
2801207,2
2801306,3
2801405,2
2802106,3
2803203,1
2803302,1
2803401,2
2803708,2
2804458,1
2804508,3
2804706,1
2804904,3
2805307,1
2805505,2
2806701,4
2807402,3
2807600,1
1701002,3
1701101,2
1701309,2
1702109,14
1702406,2
1706506,1
1707009,3
1708205,2
1709005,1
1710706,1
1713205,1
1713957,1
1715101,1
1715754,2
1716109,9
1716505,2
1716604,2
1720002,1
1720499,1
1721208,2
2300200,9
2300309,2
2300408,2
2300606,1
2300804,1
2301000,4
2301109,4
2301950,2
2302404,4
2302503,2
2302602,3
2303501,3
2303659,2
2304004,1
2304103,7
2304236,3
2304251,2
2304269,3
2304277,1
2304285,5
2304400,146
2304459,3
2305209,3
2305233,10
2305266,1
2305357,2
2305407,6
2305506,5
2305902,2
2306009,1
2306306,6
2306405,6
2306702,1
2306900,3
2307007,1
2307106,1
2307502,1
2307601,6
2307635,3
2307650,21
2307700,7
2307809,1
2307908,1
2308005,4
2308302,1
2308401,5
2308500,2
2308906,1
2309003,1
2309458,1
2309508,1
2310001,4
2310100,2
2310308,6
2310704,5
2310803,7
2310951,1
2311264,3
2311306,6
2311405,8
2311603,2
2311801,3
2311900,1
2311959,3
2312205,3
2312304,4
2312601,2
2312700,7
2313302,8
2313401,4
2313609,1
2313955,1
2314102,9
2600054,4
2601102,5
2601706,6
2601904,4
2602209,1
2602803,4
2604007,2
2604205,1
2604601,1
2604809,1
2605103,1
2605202,2
2605509,2
2605608,4
2605707,1
2606002,8
2606408,6
2606507,2
2606606,1
2606804,2
2607653,2
2607703,3
2607950,2
2608206,2
2608305,2
2608404,2
2608701,1
2608750,2
2608800,2
2608909,3
2609600,19
2609907,6
2610004,5
2610509,2
2610608,1
2611002,1
2611804,1
2612208,5
2612406,2
2612554,1
2612901,1
2613107,1
2613800,1
2613909,5
2614105,4
2614600,2
2615003,1
2615102,2
2615409,1
2615607,1
2615805,1
2615904,1
2616100,2
2616308,1
2616407,7
1500107,2
1500206,1
1500503,3
1500602,10
1500800,14
1500958,1
1501303,4
1501501,1
1501709,2
1502103,6
1502152,2
1502707,3
1502806,1
1502954,4
1503044,2
1503457,1
1503507,1
1503903,3
1504208,17
1504406,2
1504422,3
1504455,1
1504604,3
1504950,4
1505007,1
1505031,3
1505064,3
1505106,1
1505304,1
1505486,1
1505494,1
1505536,10
1505601,1
1506500,5
1507151,1
1507458,1
1507474,1
1507607,3
1507953,5
1508035,2
1508084,1
1508100,3
1508126,2
5200050,2
5200100,1
5200134,1
5200175,1
5200308,1
5200506,2
5200852,1
5201108,25
5201207,1
5201405,32
5202155,2
5202502,1
5203401,2
5203807,1
5203906,2
5204102,1
5204250,1
5204409,1
5204557,1
5204904,2
5204953,2
5205059,1
5205109,7
5205406,2
5205497,1
5205513,2
5205521,1
5206206,1
5207105,1
5207600,2
5207907,2
5208004,2
5208400,1
5208608,6
5208707,97
5209101,2
5209705,5
5210000,1
5210158,1
5210307,1
5210406,8
5210901,5
5211305,1
5211503,10
5211909,6
5212204,2
5212501,10
5213103,7
5213707,1
5213772,1
5213806,4
5213855,1
5214051,3
5214705,1
5215009,1
5215207,1
5215231,9
5215256,1
5215504,2
5215702,4
5216452,1
5217302,1
5217401,1
5217708,1
5218102,1
5218508,4
5218607,2
5218706,1
5218805,13
5219506,2
5220108,6
5220207,7
5220603,1
5220686,1
5221080,1
5221403,10
5222005,1
4200101,4
4200200,2
4200309,2
4200903,1
4201406,13
4201604,2
4201802,1
4201901,1
4201950,2
4202008,8
4202057,1
4202081,1
4202305,7
4202438,1
4202602,2
4202800,12
4202859,1
4202909,7
4203154,1
4203204,4
4203303,1
4203600,9
4203709,1
4203808,3
4203956,4
4204350,2
4204558,1
4204608,27
4204806,6
4205209,1
4205308,2
4205456,2
4205704,4
4206009,1
4206207,3
4206652,1
4206801,2
4206900,6
4207007,6
4207106,2
4207205,1
4207502,9
4207809,2
4207908,1
4208005,2
4208104,5
4208203,20
4208401,1
4208807,1
4208906,15
4209003,2
4209102,52
4209151,1
4209409,3
4209607,3
4209904,4
4210100,6
4210209,1
4210308,5
4210407,1
4210506,2
4211009,5
4211256,1
4211603,2
4211702,3
4211751,2
4211850,2
4211900,13
4212007,4
4212106,8
4212254,2
4212700,2
4212809,2
4213153,1
4213203,6
4213500,1
4213906,1
4214201,1
4214607,1
4214706,3
4214805,6
4215000,7
4215356,1
4215505,1
4215695,1
4215703,2
4215901,1
4216057,1
4216107,1
4216206,1
4217006,1
4217204,3
4217402,1
4218103,1
4218202,1
4218509,1
4218608,2
4218756,1
4219002,1
4219200,1
4219309,5
4219408,1
4219507,7
4219853,1
4100103,2
4100509,1
4101804,15
4101903,2
4102406,1
4102505,3
4102752,1
4102901,2
4103040,2
4103057,3
4103354,1
4103370,1
4103404,1
4103453,2
4104006,1
4104105,1
4104402,2
4104451,6
4104600,2
4104907,4
4105102,1
4105607,2
4105805,9
4105904,1
4106100,1
4106407,3
4106803,2
4106902,94
4107207,4
4107546,2
4107553,1
4107603,3
4107652,8
4107702,1
4108205,1
4108403,15
4108700,2
4108908,1
4108957,2
4109005,2
4109203,1
4109302,3
4109401,18
4109609,5
4109807,2
4110052,1
4110078,1
4110201,3
4110508,1
4110607,1
4110706,6
4110805,2
4110953,1
4111258,3
4111506,3
4111803,3
4112009,3
4112108,4
4112207,1
4112702,1
4112801,2
4113205,3
4113429,1
4113908,3
4114302,1
4114351,1
4114708,1
4115408,1
4115705,4
4115804,8
4117206,1
4117602,4
4118006,2
4118204,2
4118501,12
4119152,4
4119301,4
4119806,3
4119905,19
4119954,1
4120150,1
4120358,1
4120606,7
4120705,1
4120804,1
4121000,1
4121208,1
4121307,1
4121406,2
4121604,2
4121703,4
4122107,1
4122206,1
4122305,1
4123402,1
4123857,2
4124004,1
4124053,1
4124103,1
4124707,1
4125209,1
4125407,1
4125605,7
4125704,1
4126256,10
4126603,2
4127403,2
4127858,4
4127882,1
4127965,1
4128104,6
4128203,7
4128401,2
4128500,4
4128609,2
5101902,1
5102637,1
5102793,1
5103056,1
5103353,2
5103379,2
5103403,29
5103452,1
5103601,2
5104807,5
5105150,2
5105507,1
5105606,2
5105622,3
5106257,3
5106307,7
5106422,1
5106752,3
5107040,3
5107065,1
5107156,1
5107198,1
5107602,18
5107875,2
5107909,8
5108501,1
3300159,2
3300233,3
3300407,10
3300456,11
3301108,2
3301157,1
3301603,1
3301876,4
3301900,11
3302304,2
3302403,11
3302601,2
3303203,4
3303500,14
3303955,1
3304144,3
3304201,4
3304300,1
3304409,2
3304524,6
3304805,1
3304904,27
3305109,11
3305158,2
3305406,2
3305554,1
3305604,1
3305802,11
3306206,1
4300059,3
4300208,3
4300406,11
4300471,2
4300505,1
4300604,18
4300638,1
4300661,2
4300703,1
4300851,1
4301057,2
4301602,10
4301651,1
4301701,1
4301800,1
4301859,1
4302006,2
4302154,1
4302204,1
4302253,1
4302303,1
4302402,2
4302451,2
4302600,1
4302709,4
4302808,2
4303202,1
4303301,2
4303400,1
4303509,8
4303558,1
4304002,1
4304200,10
4304309,1
4304408,5
4304507,7
4304606,24
4304630,4
4304663,3
4305108,48
4305207,3
4305306,2
4305900,1
4306007,2
4306205,1
4306304,1
4306320,1
4306403,4
4306601,9
4306700,1
4306734,3
4306759,1
4306767,7
4307203,2
4307500,2
4307609,2
4307864,1
4308052,1
4308300,1
4308433,1
4308458,3
4308656,1
4308805,3
4308854,1
4309209,18
4309258,1
4309308,17
4309407,2
4309506,3
4310009,5
4310108,2
4310330,2
4310405,2
4310439,2
4310504,3
4310538,2
4310900,1
4311007,4
4311122,1
4311155,1
4311205,4
4311403,13
4311759,3
4311809,11
4311908,2
4312005,1
4312401,5
4312658,3
4312708,2
4312906,2
4313060,4
4313201,4
4313300,6
4313359,1
4313425,1
4313607,2
4313656,4
4313706,6
4313953,2
4314407,44
4314472,2
4314704,3
4314753,2
4314779,1
4315008,4
4315131,1
4315149,1
4315206,1
4315404,2
4315602,29
4316006,2
4316105,1
4316204,1
4316402,10
4316436,1
4316709,1
4316808,24
4316956,1
4317103,11
4317707,2
4317905,2
4318002,6
4318101,4
4318408,4
4318424,1
4318457,1
4318481,1
4318499,1
4318507,2
4318606,2
4318622,1
4318705,15
4318804,6
4319125,1
4319158,1
4319356,1
4319372,1
4319406,2
4319505,3
4319752,1
4319802,1
4319901,7
4320107,3
4320354,1
4320552,1
4321105,1
4321204,6
4321352,1
4321600,8
4321808,4
4321907,4
4322004,4
4322152,2
4322327,1
4322533,4
4322608,23
4322707,4
4322806,1
4323101,1
4323804,1
3100104,3
3100203,3
3100500,1
3100609,3
3101300,1
3101508,1
3101607,14
3102100,2
3102704,1
3102902,1
3103405,1
3103504,2
3103603,1
3104304,2
3104403,1
3104502,1
3104809,1
3105004,2
3105400,1
3105608,11
3106002,1
3106200,166
3106507,2
3106705,12
3107109,1
3107406,4
3107505,4
3107802,1
3108008,1
3108255,1
3109204,1
3109501,3
3109600,1
3110004,1
3110301,3
3110509,1
3110608,5
3111002,3
3111101,1
3111200,4
3112000,1
3112109,1
3112604,1
3112802,2
3113305,1
3113404,8
3113503,1
3113602,1
3114303,8
3115458,1
3115706,1
3116308,2
3116605,4
3117702,2
3117900,2
3118007,3
3118106,2
3118809,2
3119401,7
3119609,2
3120201,2
3120706,1
3120805,4
3120904,8
3121100,2
3121902,1
3122009,2
3122108,2
3122470,1
3122603,1
3123304,2
3123908,1
3124104,3
3124500,2
3124708,1
3126505,1
3127107,3
3127388,3
3127404,1
3127602,2
3127701,17
3127909,1
3128006,6
3128105,1
3128303,2
3128709,4
3130903,1
3131109,1
3131901,5
3132008,1
3132107,1
3132909,1
3133006,2
3133105,1
3133600,2
3133709,1
3133808,18
3134103,1
3134202,5
3134400,2
3134806,1
3135100,5
3135209,7
3135308,2
3135407,1
3135506,2
3135704,2
3135902,1
3136009,1
3136108,2
3136553,1
3136603,1
3136959,1
3137007,1
3137205,1
3137403,3
3137502,4
3137536,1
3137601,1
3137809,3
3138500,1
3138609,2
3138674,1
3138906,1
3139003,2
3139102,2
3139201,1
3139250,1
3139409,5
3139508,1
3139607,1
3139904,1
3140001,5
3140506,3
3140530,2
3140704,1
3141009,1
3141108,1
3141504,1
3141603,1
3141702,2
3142304,1
3143005,4
3143401,1
3143450,2
3143500,1
3143906,5
3144102,3
3144508,1
3144607,3
3144805,9
3145208,10
3145307,3
3145372,1
3145505,1
3145901,4
3146008,1
3146404,2
3146503,1
3148004,22
3148608,3
3149309,2
3149804,3
3149903,3
3150307,1
3150505,3
3150703,1
3150802,2
3151206,2
3151404,3
3152600,1
3152808,3
3153301,1
3153400,8
3153608,4
3153806,1
3154408,1
3154457,2
3154903,3
3155207,1
3155603,2
3155702,1
3156106,2
3156403,1
3156452,1
3157005,4
3157252,1
3157708,1
3157807,20
3158003,2
3158201,1
3158508,2
3159001,1
3159308,1
3160405,4
3160702,2
3160801,1
3161809,1
3162104,1
3162401,2
3162609,2
3162922,2
3162948,1
3163508,1
3163805,1
3164308,2
3164605,1
3164803,2
3164902,1
3165008,2
3165305,1
3165537,1
3166204,2
3166808,1
3166907,3
3166956,1
3167905,2
3168002,1
3168408,3
3168705,4
3168903,2
3169307,7
3169356,5
3169802,1
3170008,1
3170503,1
3170909,1
3171006,1
3171154,1
3171303,8
3171907,1
3172004,4
3172202,1
2900207,1
2900306,1
2900702,13
2901007,4
2901205,1
2901304,2
2902005,4
2902104,1
2902708,1
2902906,1
2903235,3
2903276,2
2903300,1
2903607,2
2903805,2
2903904,5
2904308,1
2904407,1
2904753,3
2905107,1
2905206,3
2905404,1
2905800,1
2906006,2
2906204,1
2906600,1
2906709,2
2906824,1
2907103,4
2907202,3
2907301,2
2907558,1
2907608,2
2908002,2
2908408,2
2908606,1
2909109,4
2909307,2
2909406,2
2909604,1
2909802,5
2909901,3
2910107,1
2910404,1
2910503,1
2910727,6
2910750,1
2911105,2
2912202,2
2912509,2
2913002,2
2913606,5
2914000,4
2914109,1
2915304,1
2915353,2
2915601,2
2916005,1
2916401,2
2916856,1
2916906,1
2917003,1
2917508,6
2917805,1
2918001,8
2918209,1
2918407,13
2919009,1
2919207,5
2919504,2
2919801,3
2920601,4
2921401,1
2922003,2
2922409,4
2922607,1
2923308,1
2923407,5
2923605,1
2923704,1
2924009,4
2924058,1
2924207,1
2924306,2
2924504,1
2924603,1
2924900,1
2925006,1
2925105,2
2925204,1
2925709,1
2925907,1
2926202,2
2926400,2
2926707,1
2927200,1
2927408,74
2927507,1
2927705,2
2928406,1
2928703,6
2928802,1
2928901,1
2929057,1
2929107,2
2929404,1
2929602,1
2929701,2
2929909,3
2930204,2
2930501,2
2930709,5
2930766,2
2930808,1
2931806,1
2932200,1
2932457,1
2932804,1
2932903,2
2933208,3
2933257,1
2933604,6
3500303,3
3500550,1
3500709,7
3500758,1
3500808,2
3500907,1
3501202,2
3501608,9
3501905,8
3502101,3
3502507,1
3502804,18
3503208,13
3503307,14
3503406,1
3504206,2
3504404,1
3504503,8
3504701,1
3505302,2
3505609,3
3506003,25
3506102,2
3506359,2
3506607,1
3506706,1
3506805,1
3507506,10
3507605,16
3508009,2
3508603,2
3509205,4
3509601,8
3510609,19
3511102,8
3511409,3
3511508,1
3511607,1
3512407,2
3513207,1
3513306,1
3513405,6
3513504,3
3513603,2
3514106,6
3514304,1
3514403,1
3514601,1
3514809,1
3515004,5
3515186,6
3515202,2
3515509,4
3515707,10
3516200,26
3516309,5
3517000,1
3517109,1
3517406,2
3517901,1
3518305,1
3518701,9
3518800,43
3518859,1
3519105,1
3519204,1
3519253,2
3519303,4
3519600,5
3519709,8
3520202,3
3520301,1
3520509,9
3521606,1
3521804,4
3522000,1
3522109,11
3522307,19
3522505,6
3522604,16
3522703,4
3522802,1
3523008,1
3523107,15
3523305,1
3523404,5
3523602,3
3524006,2
3524105,2
3524303,5
3525201,2
3525300,8
3525706,2
3525805,1
3525904,25
3526001,1
3526209,1
3526407,1
3527306,3
3527405,3
3527603,1
3528304,1
3528403,4
3528502,5
3528809,1
3529005,17
3529203,2
3529302,2
3529807,1
3530300,2
3530508,2
3530706,11
3531506,4
3531605,1
3531803,3
3532009,1
3532405,1
3533007,1
3533403,2
3533502,3
3533908,2
3534302,1
3534708,8
3534807,1
3535804,1
3536000,2
3536406,3
3536505,6
3536802,1
3537008,1
3537107,3
3537305,8
3538204,4
3538600,2
3538907,3
3539103,1
3539509,4
3540002,2
3540101,1
3540200,6
3540408,1
3540705,6
3540754,1
3540804,3
3541208,2
3541406,11
3541505,4
3541653,1
3542602,1
3543006,2
3543105,1
3543253,1
3543907,12
3544004,2
3544202,2
3544251,3
3545159,1
3545209,5
3545308,4
3546306,1
3546603,1
3546801,3
3546900,1
3547304,7
3547502,3
3547809,38
3547908,2
3548500,23
3548708,39
3549102,5
3549201,1
3549508,3
3549805,24
3549904,19
3549953,1
3550308,432
3550407,2
3550704,7
3550803,1
3550902,3
3551009,11
3551108,3
3551405,1
3551504,4
3552502,17
3553005,1
3553302,2
3553401,1
3553658,1
3553708,6
3554102,11
3554805,2
3554904,1
3554953,1
3555000,3
3555109,2
3555406,6
3555802,2
3556107,1
3556206,2
3556453,7
3556503,4
3556602,1
3556701,4
3557006,6
1600154,3
1600279,2
1600501,1
1600600,6
5300108,169
1200138,2
1200336,1
1200344,5
1200401,31
1200708,4
1200807,1
1100064,2
1100106,4
1100114,5
1100122,5
1100155,3
1100288,6
1100338,2
1100379,1
1100403,1
1100452,1
1100700,2
1100940,1
1101302,1
1101401,1
1101559,1
1101708,1
5000252,2
5000609,8
5000708,1
5000807,2
5000906,3
5001003,1
5001243,3
5002001,2
5002100,2
5002308,1
5002407,2
5002605,2
5002803,1
5002951,4
5003157,5
5003306,1
5003454,4
5003702,24
5003751,2
5004007,1
5004403,4
5005251,5
5005608,1
5005681,1
5006002,2
5006259,1
5006309,9
5006408,1
5006606,6
5007109,3
5007208,3
5007406,2
5007554,1
5007695,1
5007901,1
5008008,1
2200103,1
2200202,1
2200251,1
2200301,2
2201150,1
2201200,2
2201309,1
2201507,1
2201903,1
2202026,1
2202109,1
2202455,1
2202851,1
2202901,2
2203453,1
2203701,8
2203750,1
2204303,1
2204600,1
2204659,1
2204808,1
2204907,4
2205201,1
2205276,1
2205409,1
2205508,5
2205565,2
2205581,1
2206308,1
2206407,1
2206605,2
2207009,3
2207207,1
2207306,1
2207504,1
2207801,2
2207959,2
2208205,1
2209203,3
2209757,1
2210003,2
2210300,1
2210359,1
2210508,2
2210938,1
2211001,76
2211100,1
2211209,3
2211308,2
3200904,4
3201159,2
3201209,10
3201308,21
3201407,1
3201506,6
3201803,1
3202108,2
3202405,4
3202702,1
3202900,3
3203205,13
3203353,1
3203809,2
3203908,4
3204054,2
3204252,2
3204351,1
3204401,1
3204500,2
3204609,2
3204708,1
3204955,1
3205002,20
3205101,2
3205176,2
3205309,23
1300060,4
1300409,2
1300607,10
1300680,1
1301001,2
1301209,2
1301506,2
1301902,3
1301951,2
1302108,1
1302207,1
1302405,2
1302504,3
1302900,2
1303403,5
1303536,1
1303809,20
2500304,2
2501104,4
2501302,2
2501401,1
2501500,1
2501906,1
2502052,1
2502409,2
2503555,1
2503704,4
2504009,19
2504306,3
2504603,5
2505279,1
2505303,1
2505402,2
2505808,1
2505907,1
2506004,5
2506400,1
2506509,2
2506905,2
2507408,1
2507606,2
2508802,2
2509107,3
2509404,1
2509701,3
2510105,1
2511004,2
2511509,1
2512200,1
2512507,3
2512705,3
2512754,1
2513000,1
2513307,1
2513356,2
2514404,1
2515906,1
2516003,3
2516102,1
2516409,2
2516607,3
2516706,1
2100303,1
2100436,1
2100709,2
2100956,2
2101251,1
2101400,3
2101509,4
2101608,6
2101806,1
2102036,1
2102101,3
2102150,1
2102309,4
2102507,2
2102754,1
2102804,2
2103125,2
2103307,6
2103505,1
2103752,2
2103802,2
2104404,1
2104677,1
2105203,1
2105351,2
2105427,3
2105807,1
2106706,1
2107407,3
2107803,1
2108009,1
2108207,6
2108256,2
2108504,2
2108702,1
2109239,2
2109270,2
2109304,1
2109452,2
2109551,2
2109601,2
2109700,2
2110039,1
2110500,1
2110609,2
2110708,3
2110807,1
2111003,2
2111052,1
2111201,6
2111409,3
2111706,1
2111805,1
2112209,10
2112233,2
2112274,1
2112407,2
2112704,1
2112852,1
2114007,5
1400027,5
1400050,3
1400100,24
1400159,4
1400175,3
1400308,4
1400456,2
1400605,2
2701407,2
2702306,2
2702504,1
2702553,1
2703304,1
2704104,2
2704401,3
2704609,1
2706000,1
2707602,1
2708006,3
2708402,1
2708501,1
2709301,4
2709400,1
2400604,1
2400802,1
2401206,1
2401453,1
2402006,9
2402600,3
2403103,2
2403251,13
2403806,3
2404101,1
2404408,1
2404507,1
2404804,1
2405207,1
2405702,1
2406007,2
2406106,2
2406155,1
2406205,1
2406700,1
2407104,3
2407252,3
2407302,1
2407609,1
2407906,1
2408201,1
2409100,1
2410405,1
2411056,1
2411205,2
2411908,1
2412005,4
2412203,4
2413557,2
2414159,1
2414902,1
2800209,4
2800308,32
2800506,1
2800670,2
2802601,1
2802700,1
2802908,10
2803005,1
2803500,10
2803609,2
2803807,1
2803906,1
2804300,1
2804607,2
2804805,4
2805406,4
2805604,2
2805703,1
2806206,1
2806800,2
2807105,6
1700707,1
1702000,1
1702901,1
1706100,3
1707108,2
1707306,1
1707405,1
1708304,3
1709302,2
1709500,7
1710508,1
1711902,2
1711951,1
1712504,1
1713304,1
1713601,1
1714203,2
1715150,1
1716208,1
1716307,1
1716703,1
1717008,1
1717503,3
1718204,1
1718758,2
1718840,1
1718907,2
1720259,1
1720309,1
1721000,14
1722081,1
2300754,2
2300903,3
2301307,1
2301604,3
2301703,2
2301851,1
2301901,8
2302008,3
2302057,4
2302206,1
2302305,1
2302800,13
2302909,1
2303006,1
2303204,3
2303303,1
2303709,23
2303808,1
2303907,2
2303931,1
2303956,4
2304202,5
2304301,1
2304509,2
2304707,9
2304905,2
2304954,1
2305001,5
2305308,2
2305332,3
2305605,3
2305704,1
2305803,6
2306108,2
2306207,2
2306256,3
2306553,3
2306603,2
2306801,1
2307254,1
2307304,20
2307403,1
2308104,6
2308203,1
2308351,1
2308377,1
2308609,1
2308708,4
2309102,2
2309300,1
2309409,5
2309607,3
2309706,2
2310209,4
2310407,1
2310506,1
2310605,1
2310852,2
2311108,1
2311231,1
2311355,2
2311504,3
2311702,2
2312007,2
2312106,3
2312403,4
2312502,1
2312908,16
2313005,1
2313104,1
2313203,4
2313500,5
2313559,1
2313757,1
2313807,1
2313906,3
2314003,1
2600104,1
2600203,2
2600500,6
2600609,1
2600708,3
2600906,2
2601052,1
2601201,2
2601607,4
2601805,1
2602001,4
2602100,3
2602308,4
2602605,1
2602704,3
2602902,10
2603009,3
2603108,2
2603405,1
2603454,11
2603603,1
2603702,1
2603900,1
2604106,12
2604155,1
2604304,3
2604502,1
2604908,1
2605301,1
2606200,2
2607208,5
2607307,1
2607505,2
2607901,29
2608057,4
2608107,3
2608602,2
2609006,5
2609204,1
2609402,3
2610301,1
2610707,14
2610905,3
2611101,16
2611309,1
2611606,70
2612109,1
2612505,2
2612604,5
2613008,3
2613206,1
2613503,5
2613602,3
2613701,4
2614204,2
2614303,1
2614501,2
2615300,2
1500404,1
1500909,1
1501204,1
1501402,41
1501451,1
1501576,1
1501725,4
1501782,2
1501808,6
1501956,1
1502202,2
1502400,11
1502772,1
1502939,2
1503093,1
1503200,2
1503606,13
1503754,1
1503804,4
1504059,1
1504703,1
1504802,4
1505205,3
1505437,1
1505502,2
1505650,1
1505809,1
1506138,3
1506161,2
1506187,1
1506609,2
1506708,1
1506807,22
1507003,1
1507102,2
1507201,1
1507300,4
1507409,3
1507508,1
1507755,1
1507979,1
1508050,1
1508159,5
1508209,2
1508308,1
1508357,1
5200258,14
5200605,1
5201306,1
5201801,1
5203302,4
5203500,2
5204003,3
5204300,1
5204508,9
5205802,1
5205901,2
5206305,1
5207402,2
5207535,5
5207808,2
5208152,1
5208509,1
5208806,8
5209903,3
5209952,1
5210109,2
5210208,3
5210802,1
5211206,3
5211404,1
5211602,1
5211800,3
5212709,1
5212808,2
5213087,2
5213756,2
5214002,1
5214408,1
5214507,1
5214606,1
5214838,1
5215603,2
5215652,1
5216304,4
5217104,5
5217609,5
5218003,7
5218300,1
5218904,4
5219258,1
5219308,1
5219407,1
5219704,1
5219753,2
5220405,1
5220454,5
5220504,1
5221502,2
5221601,4
5221700,1
5221858,6
4200507,2
4200556,1
4200606,2
4201000,3
4201257,2
4201273,2
4201307,2
4201505,1
4202073,2
4202107,2
4202131,3
4202404,39
4202537,1
4202875,1
4203006,9
4203907,2
4204004,1
4204202,16
4204251,1
4204301,10
4204400,2
4204707,2
4205159,1
4205407,45
4205506,4
4205902,7
4206108,1
4206306,3
4206504,3
4206603,1
4206702,3
4207304,4
4207601,1
4207684,1
4207700,3
4208302,2
4208450,2
4208500,6
4208708,2
4209300,10
4209706,2
4210035,1
4210605,7
4210803,2
4210902,1
4211207,1
4211306,6
4211652,1
4212205,2
4212403,2
4212502,4
4212908,1
4213104,1
4213609,4
4213708,2
4213807,2
4214003,5
4215075,2
4215109,1
4215307,1
4215455,1
4215679,1
4215802,8
4216255,1
4216305,1
4216503,5
4216602,16
4216701,4
4216800,4
4216909,4
4217105,2
4217253,2
4217303,1
4217501,6
4217550,1
4217709,9
4217808,1
4217907,1
4218004,4
4218251,1
4218707,4
4218806,1
4218905,1
4219606,2
4219705,5
4100400,4
4100905,2
4101002,3
4101101,1
4101309,1
4101408,9
4101507,10
4101606,1
4102000,2
4102109,2
4102307,2
4102802,1
4103222,1
4103503,3
4103602,2
4103701,5
4104204,7
4104253,2
4104303,8
4104501,3
4104659,1
4104808,17
4105300,2
4105409,2
4105508,7
4105706,1
4106209,3
4106308,2
4106704,1
4107256,2
4107306,1
4107736,1
4108007,1
4108304,18
4108601,2
4108809,3
4109708,2
4110102,3
4111100,2
4111209,1
4111407,1
4112504,2
4112751,1
4112959,2
4113304,7
4113700,47
4114104,2
4114203,1
4114401,1
4114500,2
4114609,9
4114807,1
4115200,27
4115309,1
4115606,1
4115754,3
4116208,2
4116406,1
4116802,1
4116901,1
4117222,1
4117255,2
4117503,3
4117701,2
4117909,1
4118402,1
4118600,1
4118808,1
4118907,1
4119004,1
4119400,1
4119509,6
4119608,2
4120408,1
4120903,3
4121356,1
4121901,1
4122008,2
4122404,6
4122503,1
4122602,1
4122800,1
4123808,2
4124020,1
4124400,4
4125357,1
4125456,1
4125506,13
4126207,1
4126306,1
4126801,1
4126900,2
4127106,1
4127205,1
4127502,2
4127700,15
4128658,1
5100102,1
5100201,3
5100250,6
5100300,2
5101407,1
5101803,10
5102504,8
5102702,3
5103007,1
5103205,2
5103254,2
5103502,1
5104609,1
5105101,3
5105259,4
5106224,1
5106265,2
5106299,1
5106372,1
5106778,2
5106828,1
5106851,1
5107107,2
5107180,1
5107305,2
5107701,1
5107925,5
5107958,5
5108402,20
5108600,1
5108956,1
3300100,8
3300209,6
3300506,1
3300605,1
3300704,10
3300803,6
3300902,2
3300951,1
3301009,23
3301306,1
3301504,1
3301702,25
3301850,1
3302007,4
3302205,3
3302254,4
3302270,3
3302502,9
3302700,4
3302858,3
3302908,1
3303005,2
3303302,24
3303401,11
3303906,11
3304151,1
3304557,251
3304607,1
3304755,7
3305000,4
3305208,5
3305307,1
3305505,1
3305752,1
3306008,2
3306107,2
3306305,11
4300109,5
4300307,1
4300455,4
4300554,1
4301008,6
4301206,1
4301305,3
4301636,2
4301909,1
4302105,16
4302352,2
4302907,1
4303004,8
4303103,11
4303905,5
4304671,1
4304689,2
4304697,1
4304705,6
4304804,2
4304853,2
4304952,1
4305173,2
4305355,2
4305439,2
4305454,4
4305959,3
4306072,1
4306106,10
4306502,2
4306809,2
4306908,12
4306973,1
4307005,15
4307054,1
4307401,3
4307450,2
4307708,11
4307807,5
4307815,1
4307831,1
4307906,4
4308102,3
4308201,5
4308409,2
4308508,7
4308607,1
4308706,2
4308904,4
4309001,2
4309050,1
4309100,7
4309126,2
4309159,1
4309555,1
4309605,2
4309753,1
4309902,1
4310207,14
4310462,1
4310579,2
4310603,5
4310801,4
4310850,2
4311106,1
4311130,2
4311254,1
4311304,3
4311601,1
4311700,1
4312153,2
4312203,1
4312377,1
4312450,2
4312476,1
4312500,1
4312617,1
4312757,4
4313003,1
4313037,1
4313375,1
4313409,20
4313490,1
4313508,1
4313805,2
4313904,6
4314050,3
4314068,1
4314100,25
4314308,1
4314456,2
4314506,3
4314548,2
4314605,5
4314803,5
4314902,110
4315107,2
4315305,3
4315701,3
4315800,5
4316303,5
4316451,2
4316477,1
4316600,3
4316758,3
4316907,36
4317004,2
4317202,15
4317301,4
4317400,5
4317509,12
4317558,1
4317608,7
4317756,1
4318051,1
4318200,3
4318309,7
4319000,3
4319208,1
4319307,4
4319604,4
4320008,7
4320206,2
4320263,1
4320305,2
4320404,3
4320503,1
4320677,4
4320800,4
4320909,3
4321006,1
4321303,3
4321402,1
4321451,3
4321493,1
4321501,4
4321626,1
4321667,1
4321709,4
4321956,1
4322202,2
4322400,15
4322509,12
4322525,4
4322558,1
4323002,19
4323200,2
4323606,1
4323770,1
3100401,1
3100906,1
3101631,1
3102001,3
3102605,7
3103702,2
3104007,7
3104205,6
3104908,1
3105103,6
3105202,1
3105301,2
3105707,1
3106309,1
3108404,1
3108602,3
3108800,1
3108909,1
3109105,1
3109253,1
3109303,3
3109709,2
3109907,1
3110400,1
3110707,1
3111309,2
3111507,2
3111606,1
3112505,1
3112901,1
3113206,1
3113800,1
3114105,3
3114204,6
3114501,2
3114550,1
3114600,3
3114808,1
3115300,7
3115474,1
3115508,1
3115805,3
3116159,1
3116704,1
3117306,2
3117603,1
3118205,2
3118304,8
3118601,32
3119104,2
3119203,1
3119302,4
3120300,1
3120409,1
3120508,1
3121407,4
3121605,1
3122207,1
3122306,20
3122355,1
3122900,1
3123205,4
3123403,1
3123528,2
3123601,7
3124005,3
3124302,1
3124906,2
3125101,1
3125408,1
3125705,1
3125952,1
3126109,12
3126703,3
3127339,4
3128402,1
3128501,1
3128600,1
3129509,3
3129806,9
3130200,3
3130309,1
3130507,3
3131000,1
3131158,1
3131208,3
3131307,16
3131604,1
3131703,10
3132206,1
3132305,1
3132404,11
3133501,8
3134509,1
3134608,3
3134707,1
3134905,2
3135050,1
3135456,1
3136207,1
3136306,6
3136702,27
3137304,1
3137700,1
3138203,8
3138302,1
3138401,3
3138625,2
3138708,3
3138807,1
3141405,1
3141801,5
3142007,2
3142205,1
3142601,1
3142700,2
3142908,1
3143104,2
3143203,1
3143302,14
3143807,1
3144003,1
3145109,5
3145604,10
3146107,2
3146552,1
3146909,3
3147006,8
3147105,15
3147204,5
3147303,5
3147402,2
3147501,1
3147600,1
3147709,1
3147907,11
3148103,12
3148707,1
3148756,1
3148806,1
3149101,2
3149705,1
3150604,3
3151008,3
3151305,1
3151503,1
3151701,3
3151800,11
3152006,4
3152105,3
3152170,1
3152204,2
3152303,1
3152402,1
3152501,8
3152709,1
3153004,1
3153103,1
3154002,3
3154606,16
3154705,2
3155306,1
3155405,3
3155801,4
3156700,5
3156809,1
3157104,1
3157203,3
3157302,1
3158300,1
3159209,3
3159605,2
3159902,1
3160603,1
3161056,2
3161106,3
3161304,1
3161403,1
3161502,1
3161908,2
3162450,5
3162500,9
3162708,1
3162906,2
3162955,1
3163201,1
3163706,6
3164001,1
3164431,1
3164506,1
3164704,12
3165107,1
3165206,1
3165404,1
3165578,2
3165800,1
3166600,1
3166709,2
3167103,1
3167202,18
3167509,1
3167608,2
3168101,1
3168606,10
3169000,2
3169059,1
3169109,2
3169406,2
3169901,5
3170107,8
3170206,49
3170404,4
3170529,1
3170701,10
3170800,4
3171030,1
3171204,3
3171709,3
3171808,2
2900108,2
2900355,1
2900504,1
2901106,1
2901403,1
2901908,1
2902609,1
2902807,2
2903201,6
2903706,1
2904100,1
2904209,1
2904506,2
2904605,1
2904902,2
2905305,1
2905602,1
2905701,7
2905909,4
2906105,2
2906303,1
2906402,1
2906501,3
2906873,3
2906907,1
2907509,3
2907905,1
2908309,1
2908507,1
2909505,1
2910057,5
2910602,1
2910701,5
2910800,11
2910859,2
2911006,1
2911600,2
2911709,8
2911808,1
2911907,2
2912707,1
2912905,1
2913101,3
2913507,2
2914406,1
2914604,4
2914703,4
2914802,14
2915007,2
2915106,1
2915205,1
2915502,1
2915809,2
2916104,1
2916203,1
2916302,1
2916500,1
2916708,1
2916807,1
2917607,3
2917706,2
2918100,3
2918308,1
2918704,1
2918803,1
2919058,1
2919157,2
2919306,2
2920106,2
2920403,1
2920502,1
2921005,1
2921104,1
2921203,3
2921302,2
2921500,1
2922250,1
2922300,2
2922805,1
2923035,2
2923050,1
2923209,2
2923902,1
2924405,1
2925253,1
2925303,4
2925501,1
2925600,1
2925758,1
2925931,2
2926004,7
2926301,1
2926509,1
2926608,1
2927002,2
2927309,1
2927606,2
2928000,2
2928059,2
2928109,1
2928208,3
2929008,2
2929255,1
2929305,1
2929370,1
2929503,4
2929750,1
2930105,7
2930154,2
2930600,1
2931053,1
2931350,2
2931707,1
2932002,1
2932309,1
2932408,1
2932507,1
2933000,2
2933059,1
2933158,1
2933307,21
3500105,2
3500501,1
3501004,3
3501707,3
3502309,1
3502705,6
3502903,1
3503802,4
3503901,12
3504008,7
3504107,11
3504602,2
3504909,1
3505203,2
3505500,11
3505708,18
3505906,3
3506300,4
3506508,5
3506904,2
3507001,2
3507100,1
3507902,2
3508405,2
3508504,2
3508702,1
3508801,1
3508900,1
3509007,6
3509106,1
3509254,5
3509403,3
3509502,65
3509700,1
3509809,1
3510203,2
3510401,4
3510500,9
3510708,5
3510807,1
3512001,2
3512209,3
3512704,1
3512803,3
3513009,9
3513108,1
3513801,21
3513900,1
3514502,1
3514908,1
3515103,2
3515152,4
3516002,1
3516408,2
3516606,1
3516705,6
3516903,1
3517703,1
3518008,1
3518107,1
3518404,6
3518503,1
3518602,2
3518909,1
3519071,7
3519808,1
3520103,4
3520426,1
3520442,1
3520806,1
3521002,3
3521408,3
3521705,2
3521903,2
3522208,3
3522406,5
3523206,8
3523503,4
3523909,7
3524402,14
3524600,1
3524709,3
3524808,3
3525003,6
3525102,3
3525508,1
3526704,6
3526803,3
3526902,20
3527108,5
3527207,8
3528007,1
3529401,12
3529906,1
3530607,33
3530805,8
3530904,1
3531100,3
3531308,3
3531407,1
3531902,1
3532058,1
3534401,35
3534609,1
3534906,3
3535101,2
3535200,1
3535309,1
3535408,1
3535507,1
3536208,1
3536604,1
3536703,6
3537602,5
3537800,7
3538006,8
3538105,3
3538303,1
3538501,2
3538709,23
3538808,5
3539202,1
3539301,4
3539806,3
3540606,6
3540853,1
3541000,24
3541059,1
3541307,3
3541604,4
3541901,1
3542206,1
3542404,1
3542503,2
3542909,3
3543303,3
3543402,47
3543501,1
3544103,2
3544608,1
3544905,2
3545407,1
3545605,3
3545803,7
3546009,2
3546108,1
3546405,5
3546702,2
3547700,2
3548005,2
3548401,1
3548609,4
3548807,6
3548906,13
3549300,1
3549607,3
3549706,8
3550001,3
3550100,4
3550605,7
3551207,1
3551306,2
3551603,1
3551702,8
3551801,2
3552106,1
3552205,37
3552403,10
3552700,3
3552809,8
3553807,6
3553856,1
3554003,10
3554300,1
3555208,1
3556305,1
3556354,1
3556800,1
3557105,7
3557204,3
