id_municipio,numero_obitos,populacao
1100015,3,29005
1100023,10,86924
1100049,5,76422
1100056,1,17215
1100064,2,18342
1100098,3,27559
1100106,4,42082
1100114,5,56242
1100122,5,113453
1100130,2,29711
1100148,1,18005
1100155,3,40735
1100189,5,31415
1100205,32,380974
1100254,1,25313
1100288,6,49907
1100304,5,65807
1100320,1,31198
1100338,2,20343
1100379,1,15454
1100403,1,16510
1100452,1,42717
1100502,2,12916
1100601,1,5464
1100700,2,18619
1100809,2,17346
1100924,1,6649
1100940,1,9238
1101005,1,18786
1101302,1,14152
1101401,1,16881
1101492,1,17610
1101559,1,5894
1101609,1,14326
1101708,1,17761
1200138,2,8751
1200203,6,86725
1200252,2,14193
1200302,4,39365
1200336,1,13116
1200344,5,7843
1200401,31,314127
1200500,4,33614
1200609,4,30711
1200708,4,13893
1200807,1,12335
1300029,1,14776
1300060,4,9150
1300144,2,19694
1300201,4,11523
1300409,2,33633
1300508,1,27069
1300607,10,26737
1300680,1,12617
1300706,2,28480
1301001,2,26377
1301209,2,87468
1301407,7,30125
1301506,2,13746
1301605,1,39144
1301704,2,28498
1301803,2,17806
1301852,1,42812
1301902,3,81674
1301951,2,7919
1302108,1,13096
1302207,1,7687
1302306,2,27955
1302405,2,26020
1302504,3,84656
1302603,90,1688524
1302900,2,46873
1303106,2,31450
1303403,5,112636
1303536,1,24781
1303601,1,7077
1303700,6,36098
1303809,20,34827
1303908,1,29916
1304062,14,45085
1304104,2,17160
1304203,3,71975
1304302,1,23422
1400027,5,6229
1400050,3,22856
1400100,24,249655
1400159,4,13220
1400175,3,10826
1400308,4,11722
1400456,2,8435
1400472,1,25913
1400605,2,6702
1400704,2,6543
1500107,2,133316
1500206,1,63170
1500404,1,39697
1500503,3,34338
1500602,10,85649
1500800,14,498095
1500909,1,34998
1500958,1,25174
1501204,1,21893
1501303,4,76071
1501402,41,1428368
1501451,1,17659
1501501,1,45774
1501576,1,14232
1501709,2,103751
1501725,4,21386
1501782,2,46250
1501808,6,86084
1501956,1,20759
1502103,6,106816
1502152,2,13870
1502202,2,61519
1502400,11,158462
1502707,3,44375
1502772,1,13785
1502806,1,23573
1502939,2,50739
1502954,4,43013
1503044,2,15342
1503093,1,31293
1503200,2,36164
1503457,1,36851
1503507,1,30080
1503606,13,96515
1503754,1,34683
1503804,4,48368
1503903,3,37064
1504059,1,22580
1504208,17,200801
1504406,2,28141
1504422,3,101356
1504455,1,22631
1504604,3,22054
1504703,1,62223
1504802,4,69372
1504950,4,27943
1505007,1,12869
1505031,3,39245
1505064,3,51627
1505106,1,49582
1505205,3,26554
1505304,1,53999
1505437,1,20054
1505486,1,31179
1505494,1,9033
1505502,2,88877
1505536,10,95225
1505601,1,9086
1505650,1,15614
1505809,1,44393
1506138,3,72085
1506161,2,10818
1506187,1,46311
1506500,5,50543
1506609,2,22996
1506708,1,42523
1506807,22,276074
1507003,1,21836
1507102,2,14608
1507151,1,24230
1507201,1,32231
1507300,4,41813
1507409,3,16186
1507458,1,27242
1507474,1,18389
1507508,1,17207
1507607,3,47599
1507755,1,2752
1507953,5,53755
1507979,1,17395
1508035,2,27090
1508050,1,17892
1508084,1,20826
1508100,3,87602
1508126,2,27987
1508159,5,59881
1508209,2,42214
1508308,1,53607
1508357,1,10206
1600154,3,5893
1600279,2,37194
1600303,31,368367
1600402,2,14259
1600501,1,16826
1600535,1,15328
1600600,6,101864
1700707,1,8280
1701002,3,12156
1701101,2,3703
1701309,2,8614
1702000,1,8951
1702109,14,130105
1702406,2,10960
1702901,1,7974
1706100,3,6862
1706506,1,5000
1707009,3,17270
1707108,2,6137
1707306,1,4705
1707405,1,9578
1708205,2,20301
1708304,3,4608
1709005,1,10777
1709302,2,21175
1709500,7,72831
1710508,1,6569
1710706,1,6706
1711902,2,9102
1711951,1,2927
1712504,1,4070
1713205,1,28239
1713304,1,12463
1713601,1,4196
1713957,1,2628
1714203,2,9764
1715101,1,3498
1715150,1,2574
1715754,2,5407
1716109,9,42319
1716208,1,10009
1716307,1,4689
1716505,2,9017
1716604,2,8677
1716703,1,9810
1717008,1,4490
1717503,3,4106
1718204,1,47141
1718758,2,5420
1718840,1,3702
1718907,2,4681
1720002,1,2847
1720259,1,2843
1720309,1,4534
1720499,1,6092
1721000,14,220889
1721208,2,26994
1722081,1,11022
2100055,3,106357
2100303,1,18315
2100436,1,24121
2100501,1,10054
2100709,2,23214
2100808,1,10303
2100956,2,26827
2101202,3,96883
2101251,1,11395
2101301,1,16824
2101400,3,73848
2101509,4,16716
2101608,6,78497
2101806,1,5590
2102002,2,38349
2102036,1,19578
2102077,1,13413
2102101,3,30073
2102150,1,8065
2102200,2,25065
2102309,4,21671
2102325,1,66326
2102408,1,10864
2102507,2,11474
2102556,1,13260
2102754,1,10760
2102804,2,23493
2102903,1,20650
2103000,11,144387
2103109,1,11008
2103125,2,8799
2103208,1,64618
2103307,6,115098
2103406,1,44095
2103505,1,40836
2103604,3,60632
2103703,1,40029
2103752,2,11721
2103802,2,23604
2104008,3,22498
2104057,1,25520
2104073,2,7505
2104099,2,18100
2104206,1,13876
2104404,1,16980
2104552,1,13088
2104651,1,13119
2104677,1,33597
2104800,6,54392
2105203,1,9090
2105302,20,232560
2105351,2,13081
2105401,3,51338
2105427,3,29114
2105450,1,4230
2105476,2,14719
2105609,3,14123
2105708,2,42362
2105807,1,9612
2105906,1,14071
2105948,1,7925
2106375,2,10491
2106508,1,22078
2106607,2,27257
2106706,1,21953
2106755,1,17487
2107001,3,11020
2107308,1,4254
2107357,2,14086
2107407,3,17011
2107456,1,10075
2107506,5,101554
2107605,2,18520
2107704,5,19390
2107803,1,33309
2108009,1,16599
2108207,6,43519
2108256,2,24220
2108306,1,31047
2108504,2,29272
2108603,2,73502
2108702,1,28850
2108801,1,14088
2109239,2,5143
2109270,2,14745
2109304,1,10767
2109452,2,21347
2109502,4,21367
2109551,2,7170
2109601,2,35199
2109700,2,4905
2109809,4,34131
2109908,4,76173
2110005,2,82854
2110039,1,19271
2110203,1,25026
2110500,1,34615
2110609,2,26053
2110708,3,37028
2110807,1,4331
2111003,2,21365
2111052,1,11839
2111078,1,16755
2111102,4,24064
2111201,6,134593
2111300,38,998385
2111409,3,20987
2111508,2,38235
2111706,1,19907
2111763,1,18196
2111805,1,16204
2112100,1,28944
2112209,10,146139
2112233,2,16870
2112274,1,5497
2112308,1,37451
2112407,2,35597
2112605,2,17054
2112704,1,36045
2112803,1,45925
2112852,1,7443
2112902,3,34750
2113009,5,28205
2114007,5,51966
2200103,1,5221
2200202,1,16176
2200251,1,5977
2200301,2,12205
2200400,6,38949
2200459,1,4238
2200509,6,17147
2200905,1,6165
2201101,2,10620
2201150,1,8968
2201200,2,42903
2201309,1,3259
2201507,1,26536
2201556,2,2866
2201705,1,4719
2201770,1,6035
2201903,1,17153
2201988,1,4599
2202000,1,18378
2202026,1,8104
2202109,1,4584
2202117,1,4107
2202174,1,6433
2202208,14,41404
2202251,1,4152
2202307,4,18656
2202455,1,2503
2202539,1,5538
2202604,4,18644
2202737,1,3153
2202802,1,5506
2202851,1,4547
2202901,2,24876
2203008,1,6885
2203206,1,10615
2203255,1,4209
2203271,1,3871
2203404,1,6616
2203453,1,9933
2203503,1,15244
2203602,1,3909
2203701,8,35908
2203750,1,4569
2203909,6,56880
2204303,1,10511
2204550,1,4576
2204600,1,3755
2204659,1,8656
2204709,5,15351
2204808,1,9095
2204907,4,7674
2205201,1,17268
2205250,1,3916
2205276,1,4575
2205300,1,4835
2205409,1,13298
2205508,5,35376
2205565,2,5088
2205581,1,4005
2205805,2,22888
2205953,1,7200
2206001,1,4713
2206209,2,31453
2206308,1,1456
2206407,1,10867
2206506,2,7125
2206605,2,10809
2206803,1,8054
2207009,3,35218
2207207,1,7574
2207306,1,4088
2207504,1,12828
2207603,1,9883
2207702,7,143675
2207801,2,17859
2207850,1,3961
2207900,7,37580
2207934,1,2373
2207959,2,4517
2208007,18,71825
2208106,1,12504
2208205,1,16785
2208304,3,27621
2208403,7,62291
2208650,3,8969
2208700,1,8445
2209005,1,6376
2209104,2,5640
2209203,3,6338
2209351,3,4982
2209401,1,5214
2209757,1,2416
2209807,2,4749
2209872,1,5219
2209906,2,6222
2209955,1,4484
2209971,1,7022
2210003,2,18968
2210052,1,5528
2210201,3,6840
2210300,1,6041
2210359,1,4452
2210409,3,18948
2210508,2,13242
2210607,6,29370
2210623,1,4933
2210706,1,13716
2210904,1,4406
2210938,1,5677
2211001,76,801971
2211100,1,42417
2211209,3,18297
2211308,2,21293
2211506,1,2995
2300200,9,51528
2300309,2,45569
2300408,2,15363
2300606,1,6338
2300754,2,37634
2300804,1,7561
2300903,3,14775
2301000,4,70938
2301109,4,68673
2301307,1,21230
2301604,3,21822
2301703,2,25736
2301851,1,17510
2301901,8,53388
2301950,2,18698
2302008,3,20474
2302057,4,14654
2302206,1,46439
2302305,1,30126
2302404,4,52071
2302503,2,42004
2302602,3,58710
2302800,13,75347
2302909,1,16373
2303006,1,17948
2303204,3,28996
2303303,1,19089
2303501,3,64256
2303659,2,9593
2303709,23,313584
2303808,1,24899
2303907,2,13348
2303931,1,12909
2303956,4,21083
2304004,1,21767
2304103,7,74036
2304202,5,115087
2304236,3,16936
2304251,2,23908
2304269,3,8670
2304277,1,6202
2304285,5,39697
2304301,1,22303
2304400,146,2416920
2304459,3,13867
2304509,2,13405
2304707,9,53645
2304905,2,9230
2304954,1,21600
2305001,5,38529
2305209,3,17530
2305233,10,45251
2305266,1,13528
2305308,2,23728
2305332,3,10054
2305357,2,17819
2305407,6,64040
2305506,5,92981
2305605,3,26172
2305704,1,11727
2305803,6,40891
2305902,2,40525
2306009,1,12519
2306108,2,21338
2306207,2,7228
2306256,3,33941
2306306,6,46598
2306405,6,107012
2306553,3,33894
2306603,2,16789
2306702,1,18352
2306801,1,9478
2306900,3,37032
2307007,1,32557
2307106,1,28225
2307254,1,16659
2307304,20,240638
2307403,1,23764
2307502,1,31537
2307601,6,55474
2307635,3,16493
2307650,21,196422
2307700,7,100279
2307809,1,20222
2307908,1,10195
2308005,4,33924
2308104,6,43978
2308203,1,11999
2308302,1,31306
2308351,1,13994
2308377,1,12426
2308401,5,35068
2308500,2,41497
2308609,1,16948
2308708,4,68456
2308906,1,20442
2309003,1,15185
2309102,2,9677
2309300,1,29964
2309409,5,25505
2309458,1,22882
2309508,1,22030
2309607,3,53139
2309706,2,62320
2310001,4,8329
2310100,2,9580
2310209,4,32418
2310308,6,33945
2310407,1,11357
2310506,1,42177
2310605,1,7447
2310704,5,32857
2310803,7,15545
2310852,2,17530
2310951,1,8722
2311108,1,16124
2311231,1,5756
2311264,3,19569
2311306,6,75717
2311355,2,15535
2311405,8,59244
2311504,3,19124
2311603,2,26646
2311702,2,24121
2311801,3,65268
2311900,1,16791
2311959,3,14871
2312007,2,28970
2312106,3,17914
2312205,3,43781
2312304,4,42255
2312403,4,40281
2312502,1,9117
2312601,2,12153
2312700,7,27512
2312908,16,175814
2313005,1,17457
2313104,1,28570
2313203,4,25761
2313302,8,52398
2313401,4,68464
2313500,5,50575
2313559,1,12667
2313609,1,29845
2313757,1,18830
2313807,1,18607
2313906,3,12410
2313955,1,18905
2314003,1,37440
2314102,9,48799
2400208,2,51092
2400406,1,2951
2400604,1,4823
2400802,1,11583
2401008,6,36391
2401107,1,23501
2401206,1,11458
2401305,3,9108
2401453,1,21473
2402006,9,61704
2402303,7,17747
2402600,3,70012
2402808,1,5039
2403103,2,41208
2403251,13,170055
2403509,1,11154
2403608,1,22995
2403806,3,8930
2403905,1,2839
2404101,1,2138
2404309,1,12751
2404408,1,8961
2404507,1,9677
2404705,1,12414
2404804,1,2051
2405009,1,8282
2405207,1,5312
2405702,1,12190
2406007,2,6187
2406106,2,19267
2406155,1,3148
2406205,1,6041
2406502,1,12998
2406700,1,9925
2407005,1,9573
2407104,3,63333
2407203,3,25489
2407252,3,3095
2407302,1,8048
2407609,1,3943
2407906,1,2378
2408003,18,229787
2408102,28,789896
2408201,1,22814
2408805,1,4580
2408904,3,20608
2408953,1,10447
2409100,1,9664
2409209,1,2870
2409308,4,10750
2409407,5,27663
2410207,1,7034
2410405,1,7079
2411056,1,4067
2411205,2,33245
2411908,1,3986
2412005,4,87493
2412104,1,5857
2412203,4,39909
2412500,3,21406
2412708,1,6596
2413300,1,5557
2413409,2,7571
2413557,2,4263
2414001,1,13526
2414100,1,8392
2414159,1,5174
2414506,1,11098
2414902,1,1678
2500106,1,8506
2500304,2,28460
2500601,2,17868
2500734,1,2078
2500809,2,17892
2501005,3,17456
2501104,4,24654
2501302,2,19118
2501351,1,3307
2501401,1,7314
2501500,1,20814
2501575,1,8463
2501807,4,95004
2501906,1,17315
2502003,2,6176
2502052,1,2818
2502102,1,7045
2502201,1,2532
2502409,2,9368
2503209,4,53017
2503308,2,8218
2503555,1,4224
2503704,4,57259
2503753,1,2671
2503803,2,5338
2503902,2,5492
2504009,19,379871
2504306,3,27691
2504405,1,17017
2504504,2,5827
2504603,5,20864
2505006,2,6469
2505238,3,6388
2505279,1,5662
2505303,1,2574
2505402,2,11229
2505808,1,2890
2505907,1,3011
2506004,5,28589
2506202,1,3100
2506301,4,53090
2506400,1,13357
2506509,2,2568
2506608,1,6235
2506905,2,24278
2507002,2,22090
2507101,2,15518
2507408,1,7539
2507507,34,672081
2507606,2,6979
2507705,3,15727
2508109,1,4170
2508307,2,25997
2508802,2,5447
2508901,2,40996
2509107,3,20634
2509404,1,13184
2509701,3,28156
2510105,1,11020
2510204,4,6648
2510808,16,99494
2510907,1,11460
2511004,2,3785
2511103,1,6573
2511202,1,26111
2511301,2,14068
2511509,1,10825
2511707,1,5459
2512101,3,33212
2512200,1,3509
2512507,3,38602
2512705,3,14706
2512754,1,4071
2513000,1,2907
2513307,1,6202
2513356,2,3178
2513901,3,29659
2513984,2,3607
2514008,2,4715
2514305,2,6039
2514404,1,4452
2514503,4,18062
2515104,1,10937
2515302,7,47220
2515500,1,12054
2515609,1,3239
2515906,1,4724
2516003,3,32337
2516102,1,12716
2516201,7,63622
2516409,2,8635
2516508,2,13421
2516607,3,13024
2516706,1,12314
2600054,4,97911
2600104,1,35365
2600203,2,16277
2600500,6,35374
2600609,1,13619
2600708,3,36992
2600906,2,22279
2601052,1,17900
2601102,5,78520
2601201,2,65905
2601607,4,18143
2601706,6,74640
2601805,1,11363
2601904,4,61242
2602001,4,34114
2602100,3,42756
2602209,1,37172
2602308,4,39805
2602605,1,43211
2602704,3,11671
2602803,4,48638
2602902,10,172150
2603009,3,28793
2603108,2,17922
2603405,1,7228
2603454,11,150354
2603603,1,8107
2603702,1,25174
2603900,1,17114
2604007,2,70337
2604106,12,283152
2604155,1,13924
2604205,1,31063
2604304,3,9955
2604502,1,20556
2604601,1,24271
2604809,1,12823
2604908,1,34499
2605103,1,30797
2605202,2,58450
2605301,1,32779
2605509,2,10579
2605608,4,20093
2605707,1,27368
2606002,8,128398
2606200,2,76371
2606408,6,71551
2606507,2,17029
2606606,1,21560
2606804,2,92455
2607208,5,69523
2607307,1,24381
2607505,2,26545
2607653,2,35523
2607703,3,14107
2607901,29,651355
2607950,2,12635
2608057,4,14603
2608107,3,26730
2608206,2,16090
2608305,2,12727
2608404,2,14519
2608602,2,10683
2608701,1,15611
2608750,2,22379
2608800,2,34050
2608909,3,57403
2609006,5,23706
2609204,1,16124
2609402,3,56650
2609600,19,387494
2609907,6,59499
2610004,5,54355
2610301,1,9559
2610509,2,29130
2610608,1,49225
2610707,14,299744
2610905,3,57794
2611002,1,31412
2611101,16,260004
2611309,1,24904
2611606,70,1515052
2611804,1,41765
2612109,1,8038
2612208,5,54794
2612406,2,16511
2612505,2,74359
2612554,1,13567
2612604,5,44053
2612901,1,10915
2613008,3,47669
2613107,1,36255
2613206,1,20359
2613503,5,32123
2613602,3,30053
2613701,4,93758
2613800,1,17358
2613909,5,69856
2614105,4,31766
2614204,2,32889
2614303,1,10552
2614501,2,53210
2614600,2,25055
2615003,1,21726
2615102,2,5939
2615300,2,56647
2615409,1,26895
2615607,1,24244
2615805,1,22023
2615904,1,8251
2616100,2,9374
2616308,1,29413
2616407,7,125563
2700300,12,202390
2700607,1,7435
2700706,1,16104
2700805,1,5919
2701308,1,19254
2701407,2,44175
2701506,2,8464
2702306,2,44232
2702405,2,44311
2702504,1,11846
2702553,1,16900
2702603,1,22909
2702801,1,11892
2702900,5,30884
2703304,1,19968
2704005,3,25023
2704104,2,23009
2704302,24,922458
2704401,3,17921
2704609,1,15392
2704708,2,44038
2705101,1,26139
2705705,1,22199
2705804,1,7536
2706000,1,10546
2706307,4,69719
2706448,2,8890
2706703,2,60502
2707107,2,24108
2707503,1,18945
2707602,1,12272
2707701,3,68856
2708006,3,45474
2708402,1,27672
2708501,1,28290
2708600,3,43409
2708808,2,32397
2708907,1,15045
2709152,1,42215
2709301,4,59503
2709400,1,28253
2800209,4,19873
2800308,32,505286
2800506,1,17989
2800605,1,21562
2800670,2,25055
2801009,2,16472
2801207,2,22396
2801306,3,27562
2801405,2,19508
2802106,3,62796
2802601,1,5773
2802700,1,9135
2802908,10,85664
2803005,1,38831
2803203,1,29294
2803302,1,15703
2803401,2,14846
2803500,10,91605
2803609,2,26972
2803708,2,6418
2803807,1,3694
2803906,1,12589
2804300,1,7411
2804458,1,8054
2804508,3,29447
2804607,2,24109
2804706,1,7024
2804805,4,179060
2804904,3,11563
2805307,1,9041
2805406,4,30358
2805505,2,21678
2805604,2,27281
2805703,1,29081
2806206,1,20472
2806701,4,77278
2806800,2,10375
2807105,6,40225
2807402,3,47307
2807600,1,22425
2900108,2,9298
2900207,1,15268
2900306,1,15374
2900355,1,14735
2900504,1,12504
2900702,13,139818
2901007,4,33378
2901106,1,25132
2901205,1,23338
2901304,2,13589
2901403,1,13706
2901908,1,17525
2902005,4,15511
2902104,1,49236
2902609,1,19562
2902708,1,47441
2902807,2,29738
2902906,1,52583
2903201,6,138037
2903235,3,12127
2903276,2,12960
2903300,1,7130
2903607,2,14656
2903706,1,25728
2903805,2,19327
2903904,5,58480
2904100,1,24093
2904209,1,13516
2904308,1,17040
2904407,1,6916
2904506,2,11418
2904605,1,64980
2904753,3,21670
2904902,2,31982
2905107,1,9210
2905206,3,48559
2905305,1,17065
2905404,1,8606
2905602,1,26660
2905701,7,197144
2905800,1,34258
2905909,4,28699
2906006,2,61823
2906105,2,9940
2906204,1,21713
2906303,1,37018
2906402,1,9674
2906501,3,83295
2906600,1,11766
2906709,2,32160
2906824,1,13760
2906873,3,27037
2906907,1,21007
2907103,4,28529
2907202,3,62279
2907301,2,24668
2907509,3,49162
2907558,1,8482
2907608,2,15829
2907905,1,15767
2908002,2,25486
2908309,1,19185
2908408,2,59248
2908507,1,28616
2908606,1,23576
2909109,4,15871
2909307,2,32482
2909406,2,14032
2909505,1,5208
2909604,1,20701
2909802,5,58345
2909901,3,31747
2910057,5,55698
2910107,1,10940
2910404,1,41439
2910503,1,44727
2910602,1,30194
2910701,5,55412
2910727,6,94118
2910750,1,18751
2910800,11,535820
2910859,2,17341
2911006,1,9901
2911105,2,20402
2911600,2,18883
2911709,8,76247
2911808,1,23493
2911907,2,30295
2912202,2,17578
2912509,2,13547
2912707,1,18784
2912905,1,26249
2913002,2,12554
2913101,3,18362
2913507,2,26717
2913606,5,220932
2914000,4,61064
2914109,1,8914
2914406,1,19312
2914604,4,62244
2914703,4,62774
2914802,14,205070
2915007,2,13792
2915106,1,14684
2915205,1,15184
2915304,1,7611
2915353,2,8713
2915502,1,20729
2915601,2,64023
2915809,2,35968
2916005,1,19941
2916104,1,21810
2916203,1,13899
2916302,1,11161
2916401,2,61212
2916500,1,29130
2916708,1,8363
2916807,1,16707
2916856,1,14660
2916906,1,14294
2917003,1,36383
2917508,6,76473
2917607,3,51960
2917706,2,24666
2917805,1,13370
2918001,8,148992
2918100,3,32314
2918209,1,15019
2918308,1,21222
2918407,13,208299
2918704,1,3349
2918803,1,20545
2919009,1,2973
2919058,1,9296
2919157,2,27536
2919207,5,146150
2919306,2,9887
2919504,2,40735
2919801,3,46606
2920106,2,19581
2920403,1,16468
2920502,1,35019
2920601,4,41421
2921005,1,34065
2921104,1,19892
2921203,3,30931
2921302,2,14106
2921401,1,13974
2921500,1,56962
2922003,2,35763
2922250,1,9638
2922300,2,32915
2922409,4,20441
2922607,1,10420
2922805,1,6560
2923035,2,7263
2923050,1,15454
2923209,2,22086
2923308,1,7880
2923407,5,19821
2923605,1,19243
2923704,1,30255
2923902,1,10742
2924009,4,103776
2924058,1,10941
2924207,1,18538
2924306,2,19470
2924405,1,29803
2924504,1,14698
2924603,1,18528
2924900,1,6218
2925006,1,20367
2925105,2,48911
2925204,1,28914
2925253,1,17199
2925303,4,140692
2925501,1,29345
2925600,1,14116
2925709,1,19196
2925758,1,20044
2925907,1,28157
2925931,2,9298
2926004,7,37639
2926202,2,23121
2926301,1,27231
2926400,2,29662
2926509,1,13874
2926608,1,49040
2926707,1,13680
2927002,2,37294
2927200,1,28270
2927309,1,11215
2927408,74,2714018
2927507,1,18791
2927606,2,19564
2927705,2,36669
2928000,2,31191
2928059,2,14902
2928109,1,41064
2928208,3,23749
2928406,1,24605
2928703,6,86970
2928802,1,44193
2928901,1,19027
2929008,2,14816
2929057,1,11642
2929107,2,20317
2929255,1,18801
2929305,1,28997
2929370,1,5648
2929404,1,10542
2929503,4,42269
2929602,1,17377
2929701,2,19882
2929750,1,11796
2929909,3,40573
2930105,7,56161
2930154,2,32185
2930204,2,35462
2930501,2,75544
2930600,1,12090
2930709,5,109930
2930766,2,20700
2930808,1,12172
2931053,1,17122
2931350,2,123557
2931707,1,13344
2931806,1,20807
2932002,1,27208
2932200,1,25910
2932309,1,18786
2932408,1,13811
2932457,1,16055
2932507,1,36788
2932804,1,16772
2932903,2,85300
2933000,2,20114
2933059,1,13769
2933158,1,11952
2933208,3,35358
2933257,1,6372
2933307,21,290042
2933604,6,47918
3100104,3,6412
3100203,3,23595
3100401,1,4111
3100500,1,11227
3100609,3,19292
3100906,1,18435
3101300,1,2833
3101508,1,35589
3101607,14,77494
3101631,1,5306
3102001,3,13982
3102100,2,13635
3102605,7,36361
3102704,1,8337
3102902,1,11652
3103405,1,37108
3103504,2,109876
3103603,1,3104
3103702,2,7947
3104007,7,85713
3104205,6,36581
3104304,2,13271
3104403,1,3234
3104502,1,18141
3104809,1,4740
3104908,1,18173
3105004,2,7986
3105103,6,22528
3105202,1,4952
3105301,2,5490
3105400,1,25682
3105608,11,124601
3105707,1,6558
3106002,1,10032
3106200,166,2399920
3106309,1,21584
3106507,2,12790
3106705,12,407003
3107109,1,40074
3107406,4,43353
3107505,4,6944
3107802,1,15178
3108008,1,17502
3108255,1,8145
3108404,1,15732
3108602,3,30706
3108800,1,4590
3108909,1,16240
3109105,1,11039
3109204,1,10687
3109253,1,3690
3109303,3,21859
3109501,3,14839
3109600,1,3872
3109709,2,11466
3109907,1,9434
3110004,1,38552
3110301,3,13057
3110400,1,3325
3110509,1,23205
3110608,5,26484
3110707,1,13299
3111002,3,22854
3111101,1,18376
3111200,4,52631
3111309,2,11845
3111507,2,14081
3111606,1,28459
3112000,1,15091
3112109,1,5539
3112505,1,9050
3112604,1,13917
3112802,2,8413
3112901,1,9579
3113206,1,22701
3113305,1,32586
3113404,8,82632
3113503,1,9538
3113602,1,6034
3113800,1,2249
3114105,3,13472
3114204,6,19184
3114303,8,31014
3114501,2,14875
3114550,1,8248
3114600,3,3413
3114808,1,4772
3115300,7,68298
3115458,1,7547
3115474,1,5020
3115508,1,24079
3115706,1,6626
3115805,3,7614
3116159,1,9402
3116308,2,6423
3116605,4,25509
3116704,1,7296
3117306,2,19449
3117603,1,5454
3117702,2,13604
3117900,2,9932
3118007,3,45611
3118106,2,5166
3118205,2,5401
3118304,8,113019
3118601,32,603376
3118809,2,26187
3119104,2,24139
3119203,1,10803
3119302,4,29298
3119401,7,104851
3119609,2,2640
3120201,2,10018
3120300,1,6012
3120409,1,5416
3120508,1,10592
3120706,1,4202
3120805,4,15310
3120904,8,73792
3121100,2,8159
3121407,4,6794
3121605,1,44229
3121902,1,3320
3122009,2,19922
3122108,2,4731
3122207,1,6910
3122306,20,207983
3122355,1,5375
3122470,1,3864
3122603,1,4504
3122900,1,5774
3123205,4,14758
3123304,2,4619
3123403,1,1426
3123528,2,7856
3123601,7,23849
3123908,1,13749
3124005,3,18102
3124104,3,63936
3124302,1,31253
3124500,2,10872
3124708,1,3312
3124906,2,9722
3125101,1,22844
3125408,1,5675
3125705,1,13418
3125952,1,10143
3126109,12,67174
3126505,1,10366
3126703,3,22504
3127107,3,50367
3127339,4,5314
3127388,3,3489
3127404,1,4305
3127602,2,11860
3127701,17,259405
3127909,1,1458
3128006,6,29790
3128105,1,14927
3128303,2,20385
3128402,1,8870
3128501,1,4426
3128600,1,7201
3128709,4,52524
3129509,3,23060
3129806,9,173617
3130200,3,8367
3130309,1,8200
3130507,3,11825
3130903,1,24438
3131000,1,5512
3131109,1,6178
3131158,1,16544
3131208,3,16956
3131307,16,236463
3131604,1,6958
3131703,10,107721
3131901,5,42195
3132008,1,2896
3132107,1,19159
3132206,1,11768
3132305,1,12309
3132404,11,90812
3132909,1,11802
3133006,2,13801
3133105,1,14129
3133501,8,20406
3133600,2,8715
3133709,1,9368
3133808,18,84598
3134103,1,5042
3134202,5,92427
3134400,2,31852
3134509,1,4018
3134608,3,14132
3134707,1,12026
3134806,1,7960
3134905,2,20090
3135050,1,34233
3135100,5,70093
3135209,7,62516
3135308,2,3590
3135407,1,5484
3135456,1,6154
3135506,2,12573
3135704,2,5262
3135902,1,5176
3136009,1,14686
3136108,2,6378
3136207,1,72122
3136306,6,42810
3136553,1,3564
3136603,1,5842
3136702,27,509125
3136959,1,6332
3137007,1,15264
3137205,1,44628
3137304,1,4701
3137403,3,12497
3137502,4,16547
3137536,1,8764
3137601,1,46506
3137700,1,21226
3137809,3,19859
3138203,8,88291
3138302,1,3448
3138401,3,52798
3138500,1,5605
3138609,2,16497
3138625,2,5491
3138674,1,7108
3138708,3,5696
3138807,1,17129
3138906,1,6952
3139003,2,37958
3139102,2,5298
3139201,1,19282
3139250,1,5510
3139409,5,73516
3139508,1,22047
3139607,1,25105
3139904,1,15330
3140001,5,53015
3140506,3,11788
3140530,2,6824
3140704,1,28998
3141009,1,12454
3141108,1,35011
3141405,1,21553
3141504,1,5552
3141603,1,10051
3141702,2,6687
3141801,5,31551
3142007,2,12932
3142205,1,12418
3142304,1,4901
3142601,1,8032
3142700,2,17145
3142908,1,22820
3143005,4,12673
3143104,2,50694
3143203,1,22632
3143302,14,348991
3143401,1,18836
3143450,2,6635
3143500,1,8306
3143807,1,7398
3143906,5,100063
3144003,1,26437
3144102,3,22586
3144508,1,7476
3144607,3,25379
3144805,9,73247
3145109,5,15472
3145208,10,51885
3145307,3,30235
3145372,1,5008
3145505,1,2549
3145604,10,40966
3145901,4,32571
3146008,1,28546
3146107,2,69058
3146404,2,4644
3146503,1,7601
3146552,1,6049
3146909,3,14211
3147006,8,84412
3147105,15,81739
3147204,5,20748
3147303,5,19630
3147402,2,22872
3147501,1,2140
3147600,1,15924
3147709,1,8722
3147907,11,106516
3148004,22,139354
3148103,12,82278
3148608,3,17059
3148707,1,24746
3148756,1,6733
3148806,1,3751
3149101,2,12756
3149309,2,63095
3149705,1,6565
3149804,3,13568
3149903,3,20536
3150307,1,5084
3150505,3,8630
3150604,3,6841
3150703,1,2467
3150802,2,17511
3151008,3,8160
3151206,2,53219
3151305,1,12617
3151404,3,23818
3151503,1,31625
3151701,3,16132
3151800,11,154477
3152006,4,30331
3152105,3,57344
3152170,1,11710
3152204,2,38563
3152303,1,9500
3152402,1,14857
3152501,8,125209
3152600,1,7250
3152709,1,7948
3152808,3,22791
3153004,1,3164
3153103,1,5423
3153301,1,2965
3153400,8,18287
3153608,4,9276
3153806,1,1838
3154002,3,23597
3154408,1,4557
3154457,2,8501
3154606,16,322969
3154705,2,3626
3154903,3,15181
3155207,1,6558
3155306,1,4783
3155405,3,8897
3155603,2,28285
3155702,1,14479
3155801,4,17449
3156106,2,5179
3156403,1,3992
3156452,1,4321
3156700,5,134282
3156809,1,16428
3157005,4,37954
3157104,1,6033
3157203,3,25706
3157252,1,7989
3157302,1,4486
3157708,1,8269
3157807,20,219699
3158003,2,10282
3158201,1,14204
3158300,1,8020
3158508,2,8175
3159001,1,3987
3159209,3,9293
3159308,1,5289
3159605,2,34920
3159902,1,17850
3160405,4,27534
3160603,1,3328
3160702,2,48137
3160801,1,4610
3161056,2,3238
3161106,3,55510
3161304,1,5520
3161403,1,5202
3161502,1,7610
3161809,1,8285
3161908,2,8565
3162104,1,33495
3162401,2,25886
3162450,5,12894
3162500,9,82954
3162609,2,8733
3162708,1,21652
3162906,2,25526
3162922,2,22989
3162948,1,6734
3162955,1,21004
3163201,1,4158
3163508,1,6281
3163706,6,42143
3163805,1,6882
3164001,1,8475
3164308,2,6326
3164431,1,2894
3164506,1,10705
3164605,1,4346
3164704,12,65195
3164803,2,1530
3164902,1,2104
3165008,2,10691
3165107,1,7568
3165206,1,6577
3165305,1,6722
3165404,1,6328
3165537,1,23238
3165578,2,5896
3165800,1,2636
3166204,2,10245
3166600,1,889
3166709,2,6673
3166808,1,10429
3166907,3,7895
3166956,1,3832
3167103,1,22247
3167202,18,215069
3167509,1,2527
3167608,2,17299
3167905,2,4728
3168002,1,30363
3168101,1,3589
3168408,3,11851
3168606,10,127530
3168705,4,81219
3168903,2,6776
3169000,2,16608
3169059,1,4044
3169109,2,5634
3169307,7,71386
3169356,5,25171
3169406,2,54861
3169802,1,4674
3169901,5,98778
3170008,1,10690
3170107,8,285094
3170206,49,600368
3170404,4,76245
3170503,1,10273
3170529,1,11486
3170701,10,124502
3170800,4,33206
3170909,1,20264
3171006,1,19023
3171030,1,7744
3171154,1,4791
3171204,3,97436
3171303,8,74607
3171709,3,8817
3171808,2,9894
3171907,1,5587
3172004,4,35663
3172202,1,2677
3200102,5,33797
3200201,1,32669
3200300,1,14332
3200607,3,73657
3200805,4,28335
3200904,4,38971
3201001,1,14253
3201159,2,13018
3201209,10,198150
3201308,21,361058
3201407,1,35054
3201506,6,111789
3201704,1,11189
3201803,1,5354
3201902,1,33873
3202108,2,23644
3202306,3,28100
3202405,4,108120
3202454,3,21909
3202504,1,10688
3202603,1,12448
3202652,1,10959
3202702,1,15310
3202801,1,32749
3202900,3,12187
3203007,3,28433
3203056,3,21379
3203163,1,11155
3203205,13,123000
3203353,1,10604
3203700,2,19344
3203809,2,13708
3203908,4,45607
3204005,1,19957
3204054,2,22414
3204252,2,6514
3204351,1,16986
3204401,1,12207
3204500,2,13454
3204559,9,32844
3204609,2,21196
3204708,1,28576
3204906,3,102955
3204955,1,11048
3205002,20,394370
3205010,3,21288
3205036,1,20550
3205069,5,19217
3205101,2,60537
3205150,1,8488
3205176,2,14384
3205200,15,405374
3205309,23,317085
3300100,8,144137
3300159,2,9279
3300209,6,100378
3300233,3,23874
3300407,10,176151
3300456,11,489002
3300506,1,24145
3300605,1,36450
3300704,10,165591
3300803,6,54703
3300902,2,14398
3300951,1,8551
3301009,23,429667
3301108,2,20876
3301157,1,12441
3301306,1,26978
3301504,1,19973
3301603,1,10673
3301702,25,855010
3301850,1,45251
3301876,4,20177
3301900,11,220981
3302007,4,95757
3302205,3,93165
3302254,4,31144
3302270,3,96209
3302304,2,8238
3302403,11,160725
3302502,9,237000
3302601,2,30057
3302700,4,99052
3302858,3,185552
3302908,1,27195
3303005,2,28522
3303203,4,150475
3303302,24,476669
3303401,11,178102
3303500,14,844583
3303906,11,310216
3303955,1,23014
3304144,3,139118
3304151,1,16044
3304201,4,119729
3304300,1,53039
3304409,2,18122
3304524,6,49868
3304557,251,6136652
3304607,1,10200
3304755,7,46900
3304805,1,38421
3304904,27,973372
3305000,4,28775
3305109,11,466996
3305158,2,21375
3305208,5,78717
3305307,1,8809
3305406,2,18434
3305505,1,63232
3305554,1,76788
3305604,1,23574
3305752,1,30097
3305802,11,150921
3306008,2,76422
3306107,2,70375
3306206,1,33522
3306305,11,258145
3500105,2,34536
3500303,3,31766
3500501,1,19240
3500550,1,6208
3500709,7,34185
3500758,1,3908
3500808,2,3848
3500907,1,3745
3501004,3,16840
3501202,2,3773
3501608,9,203845
3501707,3,34362
3501905,8,67505
3502101,3,57195
3502309,1,5273
3502507,1,36129
3502705,6,27621
3502804,18,181598
3502903,1,23713
3503208,13,199657
3503307,14,116566
3503406,1,7504
3503802,4,43344
3503901,12,75122
3504008,7,95703
3504107,11,129751
3504206,2,14066
3504404,1,9462
3504503,8,87833
3504602,2,15861
3504701,1,1381
3504909,1,10185
3505203,2,30945
3505302,2,38921
3505500,11,110195
3505609,3,28164
3505708,18,265549
3505906,3,56290
3506003,25,356680
3506102,2,80027
3506300,4,11216
3506359,2,43763
3506508,5,108472
3506607,1,29694
3506706,1,14021
3506805,1,11059
3506904,2,8605
3507001,2,42667
3507100,1,15870
3507506,10,121274
3507605,16,143621
3507902,2,22200
3508009,2,20071
3508405,2,43659
3508504,2,83574
3508603,2,30156
3508702,1,19187
3508801,1,16189
3508900,1,4242
3509007,6,94985
3509106,1,4821
3509205,4,63344
3509254,5,33353
3509403,3,22419
3509502,65,1059420
3509601,8,77277
3509700,1,49512
3509809,1,4304
3510203,2,46946
3510401,4,46825
3510500,9,98170
3510609,19,389634
3510708,5,11105
3510807,1,27903
3511102,8,116984
3511409,3,16838
3511508,1,36500
3511607,1,14162
3512001,2,17222
3512209,3,25192
3512407,2,20734
3512704,1,4266
3512803,3,50525
3513009,9,179685
3513108,1,32735
3513207,1,7266
3513306,1,2566
3513405,6,77076
3513504,3,121002
3513603,2,22815
3513801,21,395333
3513900,1,12168
3514106,6,25245
3514304,1,9244
3514403,1,41096
3514502,1,12902
3514601,1,7288
3514809,1,14883
3514908,1,15555
3515004,5,245855
3515103,2,72170
3515152,4,12644
3515186,6,42921
3515202,2,8081
3515509,4,65714
3515707,10,176532
3516002,1,10068
3516200,26,328121
3516309,5,170585
3516408,2,124816
3516606,1,7149
3516705,6,44396
3516903,1,11154
3517000,1,10554
3517109,1,4571
3517406,2,37226
3517703,1,20804
3517901,1,9610
3518008,1,2132
3518107,1,6903
3518305,1,24818
3518404,6,113012
3518503,1,11473
3518602,2,32692
3518701,9,305171
3518800,43,1283253
3518859,1,6791
3518909,1,3735
3519071,7,201795
3519105,1,8810
3519204,1,6595
3519253,2,3718
3519303,4,32105
3519600,5,52812
3519709,8,75616
3519808,1,7269
3520103,4,28587
3520202,3,9770
3520301,1,28782
3520426,1,9622
3520442,1,25684
3520509,9,181124
3520806,1,3291
3521002,3,24156
3521408,3,18366
3521606,1,6866
3521705,2,19659
3521804,4,23417
3521903,2,15007
3522000,1,2844
3522109,11,91153
3522208,3,162239
3522307,19,143097
3522406,5,89743
3522505,6,202683
3522604,16,68396
3522703,4,41222
3522802,1,14311
3523008,1,3900
3523107,15,352755
3523206,8,50038
3523305,1,15095
3523404,5,95648
3523503,4,16685
3523602,3,14967
3523909,7,156100
3524006,2,32097
3524105,2,38681
3524303,5,73524
3524402,14,211559
3524600,1,18970
3524709,3,34779
3524808,3,49749
3525003,6,113323
3525102,3,35612
3525201,2,21596
3525300,8,125399
3525508,1,12052
3525706,2,32460
3525805,1,4405
3525904,25,348621
3526001,1,16485
3526209,1,31256
3526407,1,24363
3526704,6,90027
3526803,3,62580
3526902,20,279554
3527108,5,71382
3527207,8,83728
3527306,3,29553
3527405,3,18681
3527603,1,8136
3528007,1,17440
3528304,1,3230
3528403,4,47756
3528502,5,75022
3528809,1,13401
3529005,17,224093
3529203,2,24322
3529302,2,77769
3529401,12,413943
3529807,1,12846
3529906,1,24906
3530300,2,55009
3530508,2,70896
3530607,33,372419
3530706,11,141559
3530805,8,93820
3530904,1,3484
3531100,3,46977
3531308,3,46474
3531407,1,19085
3531506,4,20924
3531605,1,3624
3531803,3,46047
3531902,1,28514
3532009,1,11168
3532058,1,4294
3532405,1,16434
3533007,1,18591
3533403,2,47990
3533502,3,33900
3533908,2,48309
3534302,1,39467
3534401,35,714950
3534609,1,30188
3534708,8,106350
3534807,1,7189
3534906,3,12631
3535101,2,9262
3535200,1,9858
3535309,1,22193
3535408,1,14614
3535507,1,43889
3535804,1,17516
3536000,2,10872
3536208,1,20964
3536406,3,6148
3536505,6,62132
3536604,1,8585
3536703,6,40009
3536802,1,5954
3537008,1,15929
3537107,3,40575
3537305,8,59328
3537602,5,65256
3537800,7,54972
3538006,8,143737
3538105,3,13652
3538204,4,12873
3538303,1,3633
3538501,2,15533
3538600,2,26561
3538709,23,366442
3538808,5,29243
3538907,3,21031
3539103,1,15676
3539202,1,22926
3539301,4,70864
3539509,4,34190
3539806,3,110213
3540002,2,18862
3540101,1,3776
3540200,6,34763
3540408,1,4285
3540606,6,51854
3540705,6,54048
3540754,1,16454
3540804,3,15471
3540853,1,1407
3541000,24,245386
3541059,1,4417
3541208,2,15589
3541307,3,42585
3541406,11,206704
3541505,4,38254
3541604,4,33414
3541653,1,3205
3541901,1,10148
3542206,1,30146
3542404,1,18502
3542503,2,4718
3542602,1,57299
3542909,3,11924
3543006,2,22674
3543105,1,4363
3543253,1,8292
3543303,3,118864
3543402,47,559650
3543501,1,5561
3543907,12,190373
3544004,2,26739
3544103,2,42405
3544202,2,9151
3544251,3,26814
3544608,1,5232
3544905,2,10576
3545159,1,6333
3545209,5,108552
3545308,4,42262
3545407,1,9227
3545605,3,14065
3545803,7,188417
3546009,2,15009
3546108,1,1847
3546306,1,28318
3546405,5,44135
3546603,1,29026
3546702,2,19913
3546801,3,48001
3546900,1,9013
3547304,7,102224
3547502,3,27627
3547700,2,21300
3547809,38,673234
3547908,2,6214
3548005,2,20989
3548401,1,3795
3548500,23,418375
3548609,4,11582
3548708,39,803906
3548807,6,133241
3548906,13,218702
3549102,5,83477
3549201,1,2563
3549300,1,1711
3549508,3,8782
3549607,3,4298
3549706,8,54141
3549805,24,415508
3549904,19,610965
3549953,1,15668
3550001,3,10804
3550100,4,39816
3550308,432,11016703
3550407,2,33604
3550605,7,73778
3550704,7,75886
3550803,1,12930
3550902,3,14923
3551009,11,329370
3551108,3,8787
3551207,1,4268
3551306,2,2568
3551405,1,8388
3551504,4,39539
3551603,1,25438
3551702,8,106407
3551801,2,14591
3552106,1,34139
3552205,37,578068
3552403,10,237900
3552502,17,280318
3552700,3,14614
3552809,8,225405
3553005,1,8237
3553302,2,24033
3553401,1,23381
3553658,1,2931
3553708,6,55866
3553807,6,24528
3553856,1,5504
3554003,10,107115
3554102,11,271660
3554300,1,20789
3554805,2,40182
3554904,1,5189
3554953,1,5593
3555000,3,66293
3555109,2,12725
3555208,1,1754
3555406,6,81246
3555802,2,8883
3556107,1,10601
3556206,2,94124
3556305,1,20070
3556354,1,8430
3556453,7,45110
3556503,4,110449
3556602,1,11117
3556701,4,57269
3556800,1,18084
3557006,6,107157
3557105,7,83764
3557204,3,12544
4100103,2,6796
4100400,4,113589
4100509,1,15269
4100905,2,5178
4101002,3,17404
4101101,1,23200
4101309,1,7166
4101408,9,117260
4101507,10,100855
4101606,1,26067
4101804,15,118313
4101903,2,16360
4102000,2,28572
4102109,2,24508
4102307,2,11583
4102406,1,33305
4102505,3,10947
4102752,1,4094
4102802,1,14981
4102901,2,17862
4103040,2,6767
4103057,3,6984
4103222,1,3078
4103354,1,4803
4103370,1,3341
4103404,1,2549
4103453,2,13397
4103503,3,7936
4103602,2,23773
4103701,5,98788
4104006,1,45817
4104105,1,7144
4104204,7,107756
4104253,2,26529
4104303,8,82354
4104402,2,16717
4104451,6,13128
4104501,3,17405
4104600,2,15492
4104659,1,17536
4104808,17,284083
4104907,4,69472
4105102,1,10005
4105300,2,10341
4105409,2,20904
4105508,7,62985
4105607,2,10314
4105706,1,18546
4105805,9,231787
4105904,1,22424
4106100,1,3441
4106209,3,14719
4106308,2,15445
4106407,3,47021
4106704,1,4576
4106803,2,18479
4106902,94,1788559
4107207,4,32583
4107256,2,5851
4107306,1,5655
4107546,2,4942
4107553,1,3653
4107603,3,14789
4107652,8,90875
4107702,1,4173
4107736,1,6644
4108007,1,12332
4108205,1,6574
4108304,18,309113
4108403,15,71463
4108601,2,26131
4108700,2,7300
4108809,3,27668
4108908,1,6151
4108957,2,7884
4109005,2,4262
4109203,1,4453
4109302,3,14025
4109401,18,169007
4109609,5,34100
4109708,2,26760
4109807,2,47316
4110052,1,1693
4110078,1,9955
4110102,3,29008
4110201,3,8884
4110508,1,13839
4110607,1,13650
4110706,6,54855
4110805,2,8025
4110953,1,8800
4111100,2,5799
4111209,1,9248
4111258,3,25692
4111407,1,12228
4111506,3,28664
4111803,3,38714
4112009,3,35184
4112108,4,20491
4112207,1,6214
4112504,2,13709
4112702,1,11991
4112751,1,7608
4112801,2,9503
4112959,2,7645
4113205,3,45175
4113304,7,30335
4113429,1,3276
4113700,47,495696
4113908,3,13189
4114104,2,18403
4114203,1,33841
4114302,1,20645
4114351,1,2967
4114401,1,17664
4114500,2,13742
4114609,9,45369
4114708,1,4865
4114807,1,33194
4115200,27,324397
4115309,1,5823
4115408,1,12785
4115606,1,14884
4115705,4,33688
4115754,3,7908
4115804,8,40438
4116208,2,16857
4116406,1,4094
4116802,1,8919
4116901,1,26867
4117206,1,5194
4117222,1,7186
4117255,2,9497
4117503,3,37096
4117602,4,39417
4117701,2,32178
4117909,1,26872
4118006,2,10378
4118204,2,147934
4118402,1,79222
4118501,12,69903
4118600,1,5352
4118808,1,12989
4118907,1,7043
4119004,1,6438
4119152,4,123288
4119301,4,27945
4119400,1,23297
4119509,6,103574
4119608,2,34382
4119806,3,13405
4119905,19,304973
4119954,1,18848
4120150,1,5261
4120358,1,5559
4120408,1,4802
4120606,7,45852
4120705,1,7463
4120804,1,20709
4120903,3,28729
4121000,1,12217
4121208,1,15903
4121307,1,3966
4121356,1,2351
4121406,2,15193
4121604,2,6525
4121703,4,23973
4121901,1,14711
4122008,2,13479
4122107,1,3065
4122206,1,30671
4122305,1,30480
4122404,6,55271
4122503,1,10963
4122602,1,8438
4122800,1,4594
4123402,1,8990
4123808,2,11120
4123857,2,13734
4124004,1,5348
4124020,1,14181
4124053,1,21486
4124103,1,40851
4124400,4,18186
4124707,1,10623
4125209,1,8558
4125357,1,4732
4125407,1,5848
4125456,1,2998
4125506,13,261125
4125605,7,39105
4125704,1,27307
4126207,1,6707
4126256,10,88747
4126306,1,19835
4126603,2,17311
4126801,1,13906
4126900,2,4622
4127106,1,64192
4127205,1,14929
4127403,2,13698
4127502,2,19925
4127700,15,107033
4127858,4,9486
4127882,1,4159
4127965,1,14814
4128104,6,96054
4128203,7,51858
4128401,2,10824
4128500,4,20067
4128609,2,7619
4128658,1,4226
4200101,4,18909
4200200,2,8275
4200309,2,4615
4200507,2,5293
4200556,1,2037
4200606,2,5140
4200903,1,5412
4201000,3,9991
4201257,2,9103
4201273,2,4223
4201307,2,21974
4201406,13,62442
4201505,1,7447
4201604,2,3605
4201802,1,3227
4201901,1,5036
4201950,2,7424
4202008,8,97954
4202057,1,7934
4202073,2,6671
4202081,1,2779
4202107,2,19225
4202131,3,5718
4202305,7,58435
4202404,39,298603
4202438,1,3160
4202537,1,2079
4202602,2,8586
4202800,12,30772
4202859,1,3682
4202875,1,3259
4202909,7,89254
4203006,9,72606
4203154,1,4069
4203204,4,53004
4203303,1,12787
4203600,9,30418
4203709,1,9624
4203808,3,53094
4203907,2,23180
4203956,4,20539
4204004,1,9589
4204202,16,173262
4204251,1,15074
4204301,10,66941
4204350,2,3241
4204400,2,10624
4204558,1,16977
4204608,27,188233
4204707,2,9825
4204806,6,38077
4205159,1,3145
4205209,1,4005
4205308,2,11876
4205407,45,406564
4205456,2,21518
4205506,4,37604
4205704,4,15563
4205902,7,54396
4206009,1,13053
4206108,1,6272
4206207,3,12667
4206306,3,15246
4206504,3,30481
4206603,1,4637
4206652,1,4740
4206702,3,21679
4206801,2,3329
4206900,6,17417
4207007,6,56423
4207106,2,11406
4207205,1,11906
4207304,4,39217
4207502,9,47612
4207601,1,5281
4207684,1,6343
4207700,3,6651
4207809,2,9544
4207908,1,9713
4208005,2,6858
4208104,5,20181
4208203,20,168088
4208302,2,35990
4208401,1,13182
4208450,2,12410
4208500,6,20087
4208708,2,10486
4208807,1,16046
4208906,15,131786
4209003,2,24991
4209102,52,496051
4209151,1,4652
4209300,10,168384
4209409,3,49568
4209607,3,13359
4209706,2,12331
4209904,4,8975
4210035,1,5755
4210100,6,52082
4210209,1,2668
4210308,5,6596
4210407,1,6205
4210506,2,19037
4210605,7,13592
4210803,2,6893
4210902,1,3716
4211009,5,8302
4211207,1,16161
4211256,1,2834
4211306,6,50888
4211603,2,12703
4211652,1,2723
4211702,3,20024
4211751,2,14954
4211850,2,2067
4211900,13,128102
4212007,4,7725
4212106,8,14766
4212205,2,17258
4212254,2,5629
4212403,2,4817
4212502,4,21056
4212700,2,5917
4212809,2,13111
4212908,1,13600
4213104,1,6479
4213153,1,2368
4213203,6,24607
4213500,1,13475
4213609,4,33318
4213708,2,12785
4213807,2,7069
4213906,1,2155
4214003,5,13043
4214201,1,9946
4214607,1,6556
4214706,3,9159
4214805,6,56063
4215000,7,44542
4215075,2,4343
4215109,1,11126
4215307,1,7125
4215356,1,3120
4215455,1,9883
4215505,1,16421
4215679,1,8991
4215695,1,1519
4215703,2,18246
4215802,8,76604
4215901,1,3103
4216057,1,5093
4216107,1,8635
4216206,1,38699
4216255,1,5148
4216305,1,16410
4216503,5,23236
4216602,16,201103
4216701,4,12862
4216800,4,9505
4216909,4,20202
4217006,1,10494
4217105,2,3197
4217204,3,33194
4217253,2,3868
4217303,1,7800
4217402,1,11779
4217501,6,17545
4217550,1,2938
4217709,9,26293
4217808,1,16107
4217907,1,8005
4218004,4,26344
4218103,1,5136
4218202,1,33462
4218251,1,7640
4218509,1,5441
4218608,2,5738
4218707,4,95339
4218756,1,4257
4218806,1,11220
4218905,1,10622
4219002,1,19279
4219200,1,5841
4219309,5,47510
4219408,1,3020
4219507,7,40862
4219606,2,3992
4219705,5,25126
4219853,1,2879
4300059,3,4006
4300109,5,18000
4300208,3,7419
4300307,1,7281
4300406,11,88513
4300455,4,4717
4300471,2,2408
4300505,1,7826
4300554,1,2136
4300604,18,214953
4300638,1,5609
4300661,2,1162
4300703,1,6181
4300851,1,4577
4301008,6,18587
4301057,2,6930
4301206,1,12483
4301305,3,19893
4301602,10,122461
4301636,2,10083
4301651,1,5306
4301701,1,6422
4301800,1,5118
4301859,1,2595
4301909,1,12656
4302006,2,10637
4302105,16,104423
4302154,1,2213
4302204,1,6674
4302253,1,2908
4302303,1,11073
4302352,2,10989
4302402,2,11996
4302451,2,8169
4302600,1,3661
4302709,4,21519
4302808,2,34661
4302907,1,14924
4303004,8,89669
4303103,11,121880
4303202,1,4593
4303301,2,4907
4303400,1,5120
4303509,8,64338
4303558,1,2477
4303905,5,58558
4304002,1,6354
4304200,10,31014
4304309,1,6522
4304408,5,40147
4304507,7,52245
4304606,24,333322
4304630,4,38647
4304663,3,27283
4304671,1,3550
4304689,2,11921
4304697,1,2833
4304705,6,61973
4304804,2,23609
4304853,2,1578
4304952,1,2885
4305108,48,412053
4305173,2,8854
4305207,3,12212
4305306,2,9410
4305355,2,33808
4305439,2,6605
4305454,4,11767
4305900,1,7575
4305959,3,4044
4306007,2,13341
4306072,1,2765
4306106,10,69067
4306205,1,12421
4306304,1,4793
4306320,1,3153
4306403,4,28155
4306502,2,14526
4306601,9,42151
4306700,1,4136
4306734,3,5679
4306759,1,2180
4306767,7,34338
4306809,2,20012
4306908,12,25402
4306973,1,2886
4307005,15,100251
4307054,1,3129
4307203,2,4446
4307401,3,3012
4307450,2,3238
4307500,2,14663
4307609,2,40263
4307708,11,87070
4307807,5,29564
4307815,1,3665
4307831,1,3144
4307864,1,2410
4307906,4,62966
4308052,1,2803
4308102,3,12974
4308201,5,28195
4308300,1,11015
4308409,2,7526
4308433,1,2959
4308458,3,5289
4308508,7,28107
4308607,1,29709
4308656,1,4051
4308706,2,6311
4308805,3,8619
4308854,1,1648
4308904,4,16095
4309001,2,17869
4309050,1,6495
4309100,7,33396
4309126,2,2460
4309159,1,3735
4309209,18,270763
4309258,1,1758
4309308,17,105808
4309407,2,22079
4309506,3,8515
4309555,1,4091
4309605,2,18199
4309753,1,3968
4309902,1,7003
4310009,5,19237
4310108,2,31389
4310207,14,79575
4310330,2,15856
4310405,2,7173
4310439,2,5262
4310462,1,1842
4310504,3,8127
4310538,2,5220
4310579,2,2589
4310603,5,42842
4310801,4,18379
4310850,2,4145
4310900,1,3793
4311007,4,31821
4311106,1,12295
4311122,1,5376
4311130,2,3653
4311155,1,8858
4311205,4,20938
4311254,1,6143
4311304,3,28925
4311403,13,67557
4311601,1,5031
4311700,1,4538
4311759,3,7904
4311809,11,33006
4311908,2,5390
4312005,1,2087
4312153,2,3580
4312203,1,4925
4312377,1,3298
4312401,5,60551
4312450,2,5945
4312476,1,5548
4312500,1,13557
4312617,1,3094
4312658,3,15255
4312708,2,12962
4312757,4,2834
4312906,2,8630
4313003,1,3007
4313037,1,4321
4313060,4,18965
4313201,4,19513
4313300,6,20759
4313359,1,3086
4313375,1,20093
4313409,20,258754
4313425,1,4174
4313490,1,3752
4313508,1,40626
4313607,2,4414
4313656,4,12346
4313706,6,35896
4313805,2,7045
4313904,6,34998
4313953,2,11690
4314050,3,54223
4314068,1,4555
4314100,25,188302
4314308,1,4300
4314407,44,346452
4314456,2,2328
4314472,2,5166
4314506,3,14606
4314605,5,20714
4314704,3,10553
4314753,2,1828
4314779,1,3491
4314803,5,28477
4314902,110,1440939
4315008,4,5875
4315107,2,11379
4315131,1,2180
4315149,1,2173
4315206,1,4059
4315305,3,25420
4315404,2,8602
4315602,29,196982
4315701,3,38003
4315800,5,9365
4316006,2,21126
4316105,1,9455
4316204,1,5354
4316303,5,7053
4316402,10,41497
4316436,1,3095
4316451,2,12898
4316477,1,2587
4316600,3,14963
4316709,1,10049
4316758,3,5327
4316808,24,119803
4316907,36,270073
4316956,1,6476
4317004,2,8778
4317103,11,98681
4317202,15,69989
4317301,4,34830
4317400,5,52007
4317509,12,80117
4317558,1,2163
4317608,7,38818
4317707,2,12496
4317756,1,1995
4317905,2,14907
4318002,6,67788
4318051,1,3031
4318101,4,20573
4318200,3,20075
4318309,7,62543
4318408,4,20022
4318424,1,4720
4318457,1,2829
4318481,1,3958
4318499,1,2296
4318507,2,25071
4318606,2,7020
4318622,1,3253
4318705,15,212498
4318804,6,45483
4319000,3,21250
4319125,1,3365
4319158,1,7514
4319208,1,6060
4319307,4,6200
4319356,1,3389
4319372,1,2869
4319406,2,16876
4319505,3,22193
4319604,4,24721
4319752,1,1848
4319802,1,8898
4319901,7,78996
4320008,7,135956
4320107,3,19762
4320206,2,10268
4320263,1,6882
4320305,2,5069
4320354,1,5100
4320404,3,12694
4320503,1,6856
4320552,1,5577
4320677,4,9597
4320800,4,30901
4320909,3,15543
4321006,1,11124
4321105,1,17958
4321204,6,60481
4321303,3,28633
4321352,1,5539
4321402,1,13355
4321451,3,24772
4321493,1,3164
4321501,4,34913
4321600,8,39104
4321626,1,2195
4321667,1,10649
4321709,4,22640
4321808,4,24244
4321907,4,23159
4321956,1,5179
4322004,4,25302
4322152,2,4252
4322202,2,22123
4322327,1,3968
4322400,15,136364
4322509,12,62261
4322525,4,3287
4322533,4,10643
4322558,1,1932
4322608,23,67373
4322707,4,23804
4322806,1,21351
4323002,19,261971
4323101,1,5761
4323200,2,3324
4323606,1,1496
4323770,1,2896
4323804,1,10352
5000252,2,1873
5000609,8,32095
5000708,1,24352
5000807,2,8461
5000906,3,7979
5001003,1,20789
5001102,6,46469
5001243,3,8048
5002001,2,12587
5002100,2,23707
5002209,3,18000
5002308,1,13144
5002407,2,19386
5002605,2,14319
5002704,71,765247
5002803,1,5081
5002902,3,21497
5002951,4,16102
5003157,5,13698
5003207,4,101089
5003256,2,16488
5003306,1,33408
5003454,4,9603
5003488,3,9768
5003702,24,186357
5003751,2,11084
5004007,1,8665
5004304,2,15477
5004403,4,8834
5004502,3,17865
5004601,2,17751
5004700,5,20024
5005004,2,24920
5005152,1,4765
5005251,5,6190
5005400,3,28599
5005608,1,25099
5005681,1,14020
5005707,5,41091
5005806,2,18064
5006002,2,11949
5006200,5,39470
5006259,1,4805
5006309,9,39607
5006358,5,10758
5006408,1,8695
5006606,6,68317
5006903,1,13691
5007109,3,19159
5007208,3,27567
5007406,2,20402
5007554,1,7457
5007695,1,20359
5007901,1,29298
5007935,1,12251
5007950,3,9814
5008008,1,12892
5008305,15,87113
5100102,1,6193
5100201,3,14866
5100250,6,47281
5100300,2,11883
5101407,1,19372
5101803,10,56853
5101902,1,12464
5102504,8,90391
5102637,1,26562
5102702,3,19329
5102793,1,9065
5103007,1,17940
5103056,1,12073
5103205,2,26738
5103254,2,14149
5103353,2,28594
5103379,2,13390
5103403,29,542861
5103452,1,9489
5103502,1,20486
5103601,2,8165
5104609,1,10083
5104807,5,27494
5105101,3,36168
5105150,2,39526
5105259,4,28646
5105507,1,14862
5105606,2,12078
5105622,3,22623
5106224,1,19178
5106257,3,17332
5106265,2,6508
5106299,1,8812
5106307,7,15830
5106372,1,15375
5106422,1,17978
5106752,3,42429
5106778,2,9465
5106828,1,11038
5106851,1,4096
5107040,3,60060
5107065,1,10428
5107107,2,17980
5107156,1,1679
5107180,1,7691
5107198,1,2388
5107305,2,14434
5107602,18,169814
5107701,1,17679
5107875,2,12656
5107909,8,103868
5107925,5,50613
5107958,5,72311
5108402,20,254736
5108501,1,11499
5108600,1,20108
5108956,1,8883
5200050,2,6531
5200100,1,12967
5200134,1,21436
5200175,1,4833
5200258,14,168919
5200308,1,22689
5200506,2,2229
5200605,1,7652
5200852,1,4986
5201108,25,318808
5201207,1,914
5201306,1,19159
5201405,32,453104
5201801,1,7715
5202155,2,7264
5202502,1,5232
5203302,4,22043
5203401,2,8129
5203500,2,18035
5203807,1,5717
5203906,2,8700
5204003,3,6975
5204102,1,8676
5204250,1,8542
5204300,1,10092
5204409,1,15233
5204508,9,68508
5204557,1,3539
5204904,2,18748
5204953,2,1707
5205059,1,4451
5205109,7,71680
5205406,2,18960
5205497,1,48778
5205513,2,17779
5205521,1,3882
5205802,1,9957
5205901,2,7487
5206206,1,40900
5206305,1,3324
5207105,1,2395
5207402,2,11128
5207535,5,6987
5207600,2,7040
5207808,2,10021
5207907,2,9320
5208004,2,92331
5208152,1,2816
5208400,1,13212
5208509,1,4671
5208608,6,53317
5208707,97,1220412
5208806,8,24492
5209101,2,32066
5209705,5,15179
5209903,3,11841
5209952,1,13274
5210000,1,47984
5210109,2,23984
5210158,1,2757
5210208,3,32491
5210307,1,2744
5210406,8,30116
5210802,1,5926
5210901,5,14876
5211206,3,25450
5211305,1,5141
5211404,1,7981
5211503,10,86496
5211602,1,2976
5211800,3,37053
5211909,6,84922
5212204,2,19381
5212501,10,187262
5212709,1,5497
5212808,2,11311
5213087,2,34584
5213103,7,44848
5213707,1,7652
5213756,2,9318
5213772,1,4769
5213806,4,40241
5213855,1,2462
5214002,1,12005
5214051,3,10055
5214408,1,6917
5214507,1,22710
5214606,1,36963
5214705,1,2305
5214838,1,11031
5215009,1,7457
5215207,1,3725
5215231,9,96442
5215256,1,2721
5215504,2,4691
5215603,2,25220
5215652,1,3405
5215702,4,18699
5216304,4,8719
5216452,1,3792
5217104,5,24377
5217302,1,21240
5217401,1,29258
5217609,5,98491
5217708,1,17383
5218003,7,40436
5218102,1,4195
5218300,1,27932
5218508,4,38165
5218607,2,11169
5218706,1,4419
5218805,13,136229
5218904,4,19122
5219258,1,4497
5219308,1,35582
5219407,1,5496
5219506,2,3227
5219704,1,8684
5219753,2,78995
5220108,6,27376
5220207,7,25472
5220405,1,15367
5220454,5,74687
5220504,1,5406
5220603,1,19252
5220686,1,6693
5221080,1,3481
5221403,10,102430
5221502,2,4948
5221601,4,33235
5221700,1,14072
5221858,6,123921
5222005,1,12950
5300108,169,2383784
